Workbook

Sheet Dataset
A1: =Sosiometri!A1 -> Jenis Kelamin | B1: =Sosiometri!B1 -> Usia | C1: =Sosiometri!C1 -> Pendidikan Terakhir | D1: =Sosiometri!D1 -> Lama Bekerja | E1: =Sosiometri!E1 -> Jabatan | F1: K1 | G1: K2 | H1: K3 | I1: K4 | J1: K5 | K1: K6 | L1: K7 | M1: K8 | N1: K9 | O1: K10 | P1: K11 | Q1: K12 | R1: K13 | S1: K14 | T1: K15 | U1: K16 | V1: K17 | W1: K18 | X1: K19 | Y1: K20 | Z1: Kepemimpinan | AA1: Clan | AB1: Adhecrocy | AC1: Market | AD1: Hierarchy | AE1: Y
A2: =Sosiometri!A2 -> Perempuan | B2: =Sosiometri!B2 -> 41-50 tahun | C2: =Sosiometri!C2 -> S1 | D2: =Sosiometri!D2 -> > 5 tahun | E2: =Sosiometri!E2 -> Level 2 | F2: =Form_Responses1[[#This Row],[Column9]] -> 4 | G2: =Form_Responses1[[#This Row],[Column10]] -> 5 | H2: =Form_Responses1[[#This Row],[Column11]] -> 4 | I2: =Form_Responses1[[#This Row],[Column12]] -> 5 | J2: =Form_Responses1[[#This Row],[Column13]] -> 4 | K2: =Form_Responses1[[#This Row],[Column14]] -> 5 | L2: =Form_Responses1[[#This Row],[Column15]] -> 5 | M2: =Form_Responses1[[#This Row],[Column16]] -> 5 | N2: =Form_Responses1[[#This Row],[Column17]] -> 5 | O2: =Form_Responses1[[#This Row],[Column18]] -> 5 | P2: =Form_Responses1[[#This Row],[Column19]] -> 5 | Q2: =Form_Responses1[[#This Row],[Column20]] -> 5 | R2: =Form_Responses1[[#This Row],[Column21]] -> 4 | S2: =Form_Responses1[[#This Row],[Column22]] -> 4 | T2: =Form_Responses1[[#This Row],[Column23]] -> 4 | U2: =Form_Responses1[[#This Row],[Column24]] -> 4 | V2: =Form_Responses1[[#This Row],[Column25]] -> 5 | W2: =Form_Responses1[[#This Row],[Column26]] -> 5 | X2: =Form_Responses1[[#This Row],[Column27]] -> 5 | Y2: =Form_Responses1[[#This Row],[Column28]] -> 4 | Z2: =SUM(F2:Y2) -> 92 | AA2: =AVERAGE('Karakteristik yang Dominan'!E3,'Kepemimpinan dalam Rumah Sakit'!E3,'Pengelolaan Pegawai'!E3,'Perekat Rumah Sakit'!E3,'Strategi yang Ditekankan'!E3,'Kriteria dari Kesuksesan'!E3) -> 23.333333 | AB2: =AVERAGE('Karakteristik yang Dominan'!F3,'Kepemimpinan dalam Rumah Sakit'!F3,'Pengelolaan Pegawai'!F3,'Perekat Rumah Sakit'!F3,'Strategi yang Ditekankan'!F3,'Kriteria dari Kesuksesan'!F3) -> 23.333333 | AC2: =AVERAGE('Karakteristik yang Dominan'!G3,'Kepemimpinan dalam Rumah Sakit'!G3,'Pengelolaan Pegawai'!G3,'Perekat Rumah Sakit'!G3,'Strategi yang Ditekankan'!G3,'Kriteria dari Kesuksesan'!G3) -> 26.666667 | AD2: =AVERAGE('Karakteristik yang Dominan'!H3,'Kepemimpinan dalam Rumah Sakit'!H3,'Pengelolaan Pegawai'!H3,'Perekat Rumah Sakit'!H3,'Strategi yang Ditekankan'!H3,'Kriteria dari Kesuksesan'!H3) -> 26.666667 | AE2: 4.81
A3: =Sosiometri!A3 -> Perempuan | B3: =Sosiometri!B3 -> 31-40 tahun | C3: =Sosiometri!C3 -> D3 | D3: =Sosiometri!D3 -> > 5 tahun | E3: =Sosiometri!E3 -> Staf Pelaksana | F3: =Form_Responses1[[#This Row],[Column9]] -> 4 | G3: =Form_Responses1[[#This Row],[Column10]] -> 4 | H3: =Form_Responses1[[#This Row],[Column11]] -> 2 | I3: =Form_Responses1[[#This Row],[Column12]] -> 3 | J3: =Form_Responses1[[#This Row],[Column13]] -> 3 | K3: =Form_Responses1[[#This Row],[Column14]] -> 4 | L3: =Form_Responses1[[#This Row],[Column15]] -> 3 | M3: =Form_Responses1[[#This Row],[Column16]] -> 2 | N3: =Form_Responses1[[#This Row],[Column17]] -> 2 | O3: =Form_Responses1[[#This Row],[Column18]] -> 3 | P3: =Form_Responses1[[#This Row],[Column19]] -> 2 | Q3: =Form_Responses1[[#This Row],[Column20]] -> 2 | R3: =Form_Responses1[[#This Row],[Column21]] -> 2 | S3: =Form_Responses1[[#This Row],[Column22]] -> 3 | T3: =Form_Responses1[[#This Row],[Column23]] -> 3 | U3: =Form_Responses1[[#This Row],[Column24]] -> 3 | V3: =Form_Responses1[[#This Row],[Column25]] -> 2 | W3: =Form_Responses1[[#This Row],[Column26]] -> 3 | X3: =Form_Responses1[[#This Row],[Column27]] -> 4 | Y3: =Form_Responses1[[#This Row],[Column28]] -> 3 | Z3: =SUM(F3:Y3) -> 57 | AA3: =AVERAGE('Karakteristik yang Dominan'!E4,'Kepemimpinan dalam Rumah Sakit'!E4,'Pengelolaan Pegawai'!E4,'Perekat Rumah Sakit'!E4,'Strategi yang Ditekankan'!E4,'Kriteria dari Kesuksesan'!E4) -> 30 | AB3: =AVERAGE('Karakteristik yang Dominan'!F4,'Kepemimpinan dalam Rumah Sakit'!F4,'Pengelolaan Pegawai'!F4,'Perekat Rumah Sakit'!F4,'Strategi yang Ditekankan'!F4,'Kriteria dari Kesuksesan'!F4) -> 25 | AC3: =AVERAGE('Karakteristik yang Dominan'!G4,'Kepemimpinan dalam Rumah Sakit'!G4,'Pengelolaan Pegawai'!G4,'Perekat Rumah Sakit'!G4,'Strategi yang Ditekankan'!G4,'Kriteria dari Kesuksesan'!G4) -> 23.333333 | AD3: =AVERAGE('Karakteristik yang Dominan'!H4,'Kepemimpinan dalam Rumah Sakit'!H4,'Pengelolaan Pegawai'!H4,'Perekat Rumah Sakit'!H4,'Strategi yang Ditekankan'!H4,'Kriteria dari Kesuksesan'!H4) -> 21.666667 | AE3: 4.01
A4: =Sosiometri!A4 -> Perempuan | B4: =Sosiometri!B4 -> 31-40 tahun | C4: =Sosiometri!C4 -> D3 | D4: =Sosiometri!D4 -> > 5 tahun | E4: =Sosiometri!E4 -> Level 3 | F4: =Form_Responses1[[#This Row],[Column9]] -> 5 | G4: =Form_Responses1[[#This Row],[Column10]] -> 5 | H4: =Form_Responses1[[#This Row],[Column11]] -> 5 | I4: =Form_Responses1[[#This Row],[Column12]] -> 4 | J4: =Form_Responses1[[#This Row],[Column13]] -> 5 | K4: =Form_Responses1[[#This Row],[Column14]] -> 5 | L4: =Form_Responses1[[#This Row],[Column15]] -> 4 | M4: =Form_Responses1[[#This Row],[Column16]] -> 5 | N4: =Form_Responses1[[#This Row],[Column17]] -> 5 | O4: =Form_Responses1[[#This Row],[Column18]] -> 5 | P4: =Form_Responses1[[#This Row],[Column19]] -> 5 | Q4: =Form_Responses1[[#This Row],[Column20]] -> 5 | R4: =Form_Responses1[[#This Row],[Column21]] -> 5 | S4: =Form_Responses1[[#This Row],[Column22]] -> 5 | T4: =Form_Responses1[[#This Row],[Column23]] -> 5 | U4: =Form_Responses1[[#This Row],[Column24]] -> 5 | V4: =Form_Responses1[[#This Row],[Column25]] -> 5 | W4: =Form_Responses1[[#This Row],[Column26]] -> 5 | X4: =Form_Responses1[[#This Row],[Column27]] -> 5 | Y4: =Form_Responses1[[#This Row],[Column28]] -> 5 | Z4: =SUM(F4:Y4) -> 98 | AA4: =AVERAGE('Karakteristik yang Dominan'!E5,'Kepemimpinan dalam Rumah Sakit'!E5,'Pengelolaan Pegawai'!E5,'Perekat Rumah Sakit'!E5,'Strategi yang Ditekankan'!E5,'Kriteria dari Kesuksesan'!E5) -> 25 | AB4: =AVERAGE('Karakteristik yang Dominan'!F5,'Kepemimpinan dalam Rumah Sakit'!F5,'Pengelolaan Pegawai'!F5,'Perekat Rumah Sakit'!F5,'Strategi yang Ditekankan'!F5,'Kriteria dari Kesuksesan'!F5) -> 25 | AC4: =AVERAGE('Karakteristik yang Dominan'!G5,'Kepemimpinan dalam Rumah Sakit'!G5,'Pengelolaan Pegawai'!G5,'Perekat Rumah Sakit'!G5,'Strategi yang Ditekankan'!G5,'Kriteria dari Kesuksesan'!G5) -> 25 | AD4: =AVERAGE('Karakteristik yang Dominan'!H5,'Kepemimpinan dalam Rumah Sakit'!H5,'Pengelolaan Pegawai'!H5,'Perekat Rumah Sakit'!H5,'Strategi yang Ditekankan'!H5,'Kriteria dari Kesuksesan'!H5) -> 25 | AE4: 4.48
A5: =Sosiometri!A5 -> Perempuan | B5: =Sosiometri!B5 -> 31-40 tahun | C5: =Sosiometri!C5 -> D3 | D5: =Sosiometri!D5 -> > 5 tahun | E5: =Sosiometri!E5 -> Staf Pelaksana | F5: =Form_Responses1[[#This Row],[Column9]] -> 3 | G5: =Form_Responses1[[#This Row],[Column10]] -> 4 | H5: =Form_Responses1[[#This Row],[Column11]] -> 3 | I5: =Form_Responses1[[#This Row],[Column12]] -> 4 | J5: =Form_Responses1[[#This Row],[Column13]] -> 4 | K5: =Form_Responses1[[#This Row],[Column14]] -> 4 | L5: =Form_Responses1[[#This Row],[Column15]] -> 4 | M5: =Form_Responses1[[#This Row],[Column16]] -> 4 | N5: =Form_Responses1[[#This Row],[Column17]] -> 4 | O5: =Form_Responses1[[#This Row],[Column18]] -> 4 | P5: =Form_Responses1[[#This Row],[Column19]] -> 4 | Q5: =Form_Responses1[[#This Row],[Column20]] -> 4 | R5: =Form_Responses1[[#This Row],[Column21]] -> 4 | S5: =Form_Responses1[[#This Row],[Column22]] -> 4 | T5: =Form_Responses1[[#This Row],[Column23]] -> 4 | U5: =Form_Responses1[[#This Row],[Column24]] -> 3 | V5: =Form_Responses1[[#This Row],[Column25]] -> 4 | W5: =Form_Responses1[[#This Row],[Column26]] -> 3 | X5: =Form_Responses1[[#This Row],[Column27]] -> 3 | Y5: =Form_Responses1[[#This Row],[Column28]] -> 3 | Z5: =SUM(F5:Y5) -> 74 | AA5: =AVERAGE('Karakteristik yang Dominan'!E6,'Kepemimpinan dalam Rumah Sakit'!E6,'Pengelolaan Pegawai'!E6,'Perekat Rumah Sakit'!E6,'Strategi yang Ditekankan'!E6,'Kriteria dari Kesuksesan'!E6) -> 25 | AB5: =AVERAGE('Karakteristik yang Dominan'!F6,'Kepemimpinan dalam Rumah Sakit'!F6,'Pengelolaan Pegawai'!F6,'Perekat Rumah Sakit'!F6,'Strategi yang Ditekankan'!F6,'Kriteria dari Kesuksesan'!F6) -> 25 | AC5: =AVERAGE('Karakteristik yang Dominan'!G6,'Kepemimpinan dalam Rumah Sakit'!G6,'Pengelolaan Pegawai'!G6,'Perekat Rumah Sakit'!G6,'Strategi yang Ditekankan'!G6,'Kriteria dari Kesuksesan'!G6) -> 26.666667 | AD5: =AVERAGE('Karakteristik yang Dominan'!H6,'Kepemimpinan dalam Rumah Sakit'!H6,'Pengelolaan Pegawai'!H6,'Perekat Rumah Sakit'!H6,'Strategi yang Ditekankan'!H6,'Kriteria dari Kesuksesan'!H6) -> 23.333333 | AE5: 4.37
A6: =Sosiometri!A6 -> Laki-Laki | B6: =Sosiometri!B6 -> 51-60 tahun | C6: =Sosiometri!C6 -> D3 | D6: =Sosiometri!D6 -> >3-5 tahun | E6: =Sosiometri!E6 -> Staf Pelaksana | F6: =Form_Responses1[[#This Row],[Column9]] -> 4 | G6: =Form_Responses1[[#This Row],[Column10]] -> 4 | H6: =Form_Responses1[[#This Row],[Column11]] -> 4 | I6: =Form_Responses1[[#This Row],[Column12]] -> 4 | J6: =Form_Responses1[[#This Row],[Column13]] -> 4 | K6: =Form_Responses1[[#This Row],[Column14]] -> 4 | L6: =Form_Responses1[[#This Row],[Column15]] -> 4 | M6: =Form_Responses1[[#This Row],[Column16]] -> 4 | N6: =Form_Responses1[[#This Row],[Column17]] -> 4 | O6: =Form_Responses1[[#This Row],[Column18]] -> 4 | P6: =Form_Responses1[[#This Row],[Column19]] -> 4 | Q6: =Form_Responses1[[#This Row],[Column20]] -> 3 | R6: =Form_Responses1[[#This Row],[Column21]] -> 4 | S6: =Form_Responses1[[#This Row],[Column22]] -> 3 | T6: =Form_Responses1[[#This Row],[Column23]] -> 4 | U6: =Form_Responses1[[#This Row],[Column24]] -> 4 | V6: =Form_Responses1[[#This Row],[Column25]] -> 4 | W6: =Form_Responses1[[#This Row],[Column26]] -> 4 | X6: =Form_Responses1[[#This Row],[Column27]] -> 4 | Y6: =Form_Responses1[[#This Row],[Column28]] -> 4 | Z6: =SUM(F6:Y6) -> 78 | AA6: =AVERAGE('Karakteristik yang Dominan'!E7,'Kepemimpinan dalam Rumah Sakit'!E7,'Pengelolaan Pegawai'!E7,'Perekat Rumah Sakit'!E7,'Strategi yang Ditekankan'!E7,'Kriteria dari Kesuksesan'!E7) -> 26.666667 | AB6: =AVERAGE('Karakteristik yang Dominan'!F7,'Kepemimpinan dalam Rumah Sakit'!F7,'Pengelolaan Pegawai'!F7,'Perekat Rumah Sakit'!F7,'Strategi yang Ditekankan'!F7,'Kriteria dari Kesuksesan'!F7) -> 23.333333 | AC6: =AVERAGE('Karakteristik yang Dominan'!G7,'Kepemimpinan dalam Rumah Sakit'!G7,'Pengelolaan Pegawai'!G7,'Perekat Rumah Sakit'!G7,'Strategi yang Ditekankan'!G7,'Kriteria dari Kesuksesan'!G7) -> 21.666667 | AD6: =AVERAGE('Karakteristik yang Dominan'!H7,'Kepemimpinan dalam Rumah Sakit'!H7,'Pengelolaan Pegawai'!H7,'Perekat Rumah Sakit'!H7,'Strategi yang Ditekankan'!H7,'Kriteria dari Kesuksesan'!H7) -> 28.333333 | AE6: 4.35
A7: =Sosiometri!A7 -> Laki-Laki | B7: =Sosiometri!B7 -> 21-30 tahun | C7: =Sosiometri!C7 -> D3 | D7: =Sosiometri!D7 -> <1 tahun | E7: =Sosiometri!E7 -> Staf Pelaksana | F7: =Form_Responses1[[#This Row],[Column9]] -> 5 | G7: =Form_Responses1[[#This Row],[Column10]] -> 5 | H7: =Form_Responses1[[#This Row],[Column11]] -> 4 | I7: =Form_Responses1[[#This Row],[Column12]] -> 4 | J7: =Form_Responses1[[#This Row],[Column13]] -> 5 | K7: =Form_Responses1[[#This Row],[Column14]] -> 5 | L7: =Form_Responses1[[#This Row],[Column15]] -> 5 | M7: =Form_Responses1[[#This Row],[Column16]] -> 4 | N7: =Form_Responses1[[#This Row],[Column17]] -> 4 | O7: =Form_Responses1[[#This Row],[Column18]] -> 5 | P7: =Form_Responses1[[#This Row],[Column19]] -> 5 | Q7: =Form_Responses1[[#This Row],[Column20]] -> 4 | R7: =Form_Responses1[[#This Row],[Column21]] -> 5 | S7: =Form_Responses1[[#This Row],[Column22]] -> 5 | T7: =Form_Responses1[[#This Row],[Column23]] -> 5 | U7: =Form_Responses1[[#This Row],[Column24]] -> 4 | V7: =Form_Responses1[[#This Row],[Column25]] -> 5 | W7: =Form_Responses1[[#This Row],[Column26]] -> 5 | X7: =Form_Responses1[[#This Row],[Column27]] -> 5 | Y7: =Form_Responses1[[#This Row],[Column28]] -> 5 | Z7: =SUM(F7:Y7) -> 94 | AA7: =AVERAGE('Karakteristik yang Dominan'!E8,'Kepemimpinan dalam Rumah Sakit'!E8,'Pengelolaan Pegawai'!E8,'Perekat Rumah Sakit'!E8,'Strategi yang Ditekankan'!E8,'Kriteria dari Kesuksesan'!E8) -> 28.333333 | AB7: =AVERAGE('Karakteristik yang Dominan'!F8,'Kepemimpinan dalam Rumah Sakit'!F8,'Pengelolaan Pegawai'!F8,'Perekat Rumah Sakit'!F8,'Strategi yang Ditekankan'!F8,'Kriteria dari Kesuksesan'!F8) -> 23.333333 | AC7: =AVERAGE('Karakteristik yang Dominan'!G8,'Kepemimpinan dalam Rumah Sakit'!G8,'Pengelolaan Pegawai'!G8,'Perekat Rumah Sakit'!G8,'Strategi yang Ditekankan'!G8,'Kriteria dari Kesuksesan'!G8) -> 26.666667 | AD7: =AVERAGE('Karakteristik yang Dominan'!H8,'Kepemimpinan dalam Rumah Sakit'!H8,'Pengelolaan Pegawai'!H8,'Perekat Rumah Sakit'!H8,'Strategi yang Ditekankan'!H8,'Kriteria dari Kesuksesan'!H8) -> 21.666667 | AE7: 4.29
A8: =Sosiometri!A8 -> Perempuan | B8: =Sosiometri!B8 -> 21-30 tahun | C8: =Sosiometri!C8 -> S1 | D8: =Sosiometri!D8 -> <1 tahun | E8: =Sosiometri!E8 -> Staf Pelaksana | F8: =Form_Responses1[[#This Row],[Column9]] -> 4 | G8: =Form_Responses1[[#This Row],[Column10]] -> 4 | H8: =Form_Responses1[[#This Row],[Column11]] -> 4 | I8: =Form_Responses1[[#This Row],[Column12]] -> 4 | J8: =Form_Responses1[[#This Row],[Column13]] -> 5 | K8: =Form_Responses1[[#This Row],[Column14]] -> 5 | L8: =Form_Responses1[[#This Row],[Column15]] -> 4 | M8: =Form_Responses1[[#This Row],[Column16]] -> 4 | N8: =Form_Responses1[[#This Row],[Column17]] -> 4 | O8: =Form_Responses1[[#This Row],[Column18]] -> 4 | P8: =Form_Responses1[[#This Row],[Column19]] -> 5 | Q8: =Form_Responses1[[#This Row],[Column20]] -> 4 | R8: =Form_Responses1[[#This Row],[Column21]] -> 5 | S8: =Form_Responses1[[#This Row],[Column22]] -> 4 | T8: =Form_Responses1[[#This Row],[Column23]] -> 5 | U8: =Form_Responses1[[#This Row],[Column24]] -> 5 | V8: =Form_Responses1[[#This Row],[Column25]] -> 5 | W8: =Form_Responses1[[#This Row],[Column26]] -> 4 | X8: =Form_Responses1[[#This Row],[Column27]] -> 5 | Y8: =Form_Responses1[[#This Row],[Column28]] -> 4 | Z8: =SUM(F8:Y8) -> 88 | AA8: =AVERAGE('Karakteristik yang Dominan'!E9,'Kepemimpinan dalam Rumah Sakit'!E9,'Pengelolaan Pegawai'!E9,'Perekat Rumah Sakit'!E9,'Strategi yang Ditekankan'!E9,'Kriteria dari Kesuksesan'!E9) -> 25 | AB8: =AVERAGE('Karakteristik yang Dominan'!F9,'Kepemimpinan dalam Rumah Sakit'!F9,'Pengelolaan Pegawai'!F9,'Perekat Rumah Sakit'!F9,'Strategi yang Ditekankan'!F9,'Kriteria dari Kesuksesan'!F9) -> 25 | AC8: =AVERAGE('Karakteristik yang Dominan'!G9,'Kepemimpinan dalam Rumah Sakit'!G9,'Pengelolaan Pegawai'!G9,'Perekat Rumah Sakit'!G9,'Strategi yang Ditekankan'!G9,'Kriteria dari Kesuksesan'!G9) -> 25 | AD8: =AVERAGE('Karakteristik yang Dominan'!H9,'Kepemimpinan dalam Rumah Sakit'!H9,'Pengelolaan Pegawai'!H9,'Perekat Rumah Sakit'!H9,'Strategi yang Ditekankan'!H9,'Kriteria dari Kesuksesan'!H9) -> 25 | AE8: 4.07
A9: =Sosiometri!A9 -> Perempuan | B9: =Sosiometri!B9 -> 21-30 tahun | C9: =Sosiometri!C9 -> S1 | D9: =Sosiometri!D9 -> >3-5 tahun | E9: =Sosiometri!E9 -> Staf Pelaksana | F9: =Form_Responses1[[#This Row],[Column9]] -> 2 | G9: =Form_Responses1[[#This Row],[Column10]] -> 4 | H9: =Form_Responses1[[#This Row],[Column11]] -> 3 | I9: =Form_Responses1[[#This Row],[Column12]] -> 2 | J9: =Form_Responses1[[#This Row],[Column13]] -> 3 | K9: =Form_Responses1[[#This Row],[Column14]] -> 4 | L9: =Form_Responses1[[#This Row],[Column15]] -> 3 | M9: =Form_Responses1[[#This Row],[Column16]] -> 4 | N9: =Form_Responses1[[#This Row],[Column17]] -> 4 | O9: =Form_Responses1[[#This Row],[Column18]] -> 4 | P9: =Form_Responses1[[#This Row],[Column19]] -> 3 | Q9: =Form_Responses1[[#This Row],[Column20]] -> 3 | R9: =Form_Responses1[[#This Row],[Column21]] -> 2 | S9: =Form_Responses1[[#This Row],[Column22]] -> 3 | T9: =Form_Responses1[[#This Row],[Column23]] -> 3 | U9: =Form_Responses1[[#This Row],[Column24]] -> 3 | V9: =Form_Responses1[[#This Row],[Column25]] -> 3 | W9: =Form_Responses1[[#This Row],[Column26]] -> 3 | X9: =Form_Responses1[[#This Row],[Column27]] -> 3 | Y9: =Form_Responses1[[#This Row],[Column28]] -> 2 | Z9: =SUM(F9:Y9) -> 61 | AA9: =AVERAGE('Karakteristik yang Dominan'!E10,'Kepemimpinan dalam Rumah Sakit'!E10,'Pengelolaan Pegawai'!E10,'Perekat Rumah Sakit'!E10,'Strategi yang Ditekankan'!E10,'Kriteria dari Kesuksesan'!E10) -> 25 | AB9: =AVERAGE('Karakteristik yang Dominan'!F10,'Kepemimpinan dalam Rumah Sakit'!F10,'Pengelolaan Pegawai'!F10,'Perekat Rumah Sakit'!F10,'Strategi yang Ditekankan'!F10,'Kriteria dari Kesuksesan'!F10) -> 25 | AC9: =AVERAGE('Karakteristik yang Dominan'!G10,'Kepemimpinan dalam Rumah Sakit'!G10,'Pengelolaan Pegawai'!G10,'Perekat Rumah Sakit'!G10,'Strategi yang Ditekankan'!G10,'Kriteria dari Kesuksesan'!G10) -> 25 | AD9: =AVERAGE('Karakteristik yang Dominan'!H10,'Kepemimpinan dalam Rumah Sakit'!H10,'Pengelolaan Pegawai'!H10,'Perekat Rumah Sakit'!H10,'Strategi yang Ditekankan'!H10,'Kriteria dari Kesuksesan'!H10) -> 25 | AE9: 4.03
A10: =Sosiometri!A10 -> Laki-Laki | B10: =Sosiometri!B10 -> 21-30 tahun | C10: =Sosiometri!C10 -> S1 | D10: =Sosiometri!D10 -> <1 tahun | E10: =Sosiometri!E10 -> Staf Pelaksana | F10: =Form_Responses1[[#This Row],[Column9]] -> 3 | G10: =Form_Responses1[[#This Row],[Column10]] -> 3 | H10: =Form_Responses1[[#This Row],[Column11]] -> 3 | I10: =Form_Responses1[[#This Row],[Column12]] -> 2 | J10: =Form_Responses1[[#This Row],[Column13]] -> 2 | K10: =Form_Responses1[[#This Row],[Column14]] -> 3 | L10: =Form_Responses1[[#This Row],[Column15]] -> 2 | M10: =Form_Responses1[[#This Row],[Column16]] -> 2 | N10: =Form_Responses1[[#This Row],[Column17]] -> 3 | O10: =Form_Responses1[[#This Row],[Column18]] -> 3 | P10: =Form_Responses1[[#This Row],[Column19]] -> 3 | Q10: =Form_Responses1[[#This Row],[Column20]] -> 3 | R10: =Form_Responses1[[#This Row],[Column21]] -> 3 | S10: =Form_Responses1[[#This Row],[Column22]] -> 2 | T10: =Form_Responses1[[#This Row],[Column23]] -> 3 | U10: =Form_Responses1[[#This Row],[Column24]] -> 2 | V10: =Form_Responses1[[#This Row],[Column25]] -> 3 | W10: =Form_Responses1[[#This Row],[Column26]] -> 3 | X10: =Form_Responses1[[#This Row],[Column27]] -> 2 | Y10: =Form_Responses1[[#This Row],[Column28]] -> 2 | Z10: =SUM(F10:Y10) -> 52 | AA10: =AVERAGE('Karakteristik yang Dominan'!E11,'Kepemimpinan dalam Rumah Sakit'!E11,'Pengelolaan Pegawai'!E11,'Perekat Rumah Sakit'!E11,'Strategi yang Ditekankan'!E11,'Kriteria dari Kesuksesan'!E11) -> 25 | AB10: =AVERAGE('Karakteristik yang Dominan'!F11,'Kepemimpinan dalam Rumah Sakit'!F11,'Pengelolaan Pegawai'!F11,'Perekat Rumah Sakit'!F11,'Strategi yang Ditekankan'!F11,'Kriteria dari Kesuksesan'!F11) -> 25 | AC10: =AVERAGE('Karakteristik yang Dominan'!G11,'Kepemimpinan dalam Rumah Sakit'!G11,'Pengelolaan Pegawai'!G11,'Perekat Rumah Sakit'!G11,'Strategi yang Ditekankan'!G11,'Kriteria dari Kesuksesan'!G11) -> 25 | AD10: =AVERAGE('Karakteristik yang Dominan'!H11,'Kepemimpinan dalam Rumah Sakit'!H11,'Pengelolaan Pegawai'!H11,'Perekat Rumah Sakit'!H11,'Strategi yang Ditekankan'!H11,'Kriteria dari Kesuksesan'!H11) -> 25 | AE10: 3.81
A11: =Sosiometri!A11 -> Laki-Laki | B11: =Sosiometri!B11 -> 21-30 tahun | C11: =Sosiometri!C11 -> S1 | D11: =Sosiometri!D11 -> <1 tahun | E11: =Sosiometri!E11 -> Staf Pelaksana | F11: =Form_Responses1[[#This Row],[Column9]] -> 2 | G11: =Form_Responses1[[#This Row],[Column10]] -> 2 | H11: =Form_Responses1[[#This Row],[Column11]] -> 3 | I11: =Form_Responses1[[#This Row],[Column12]] -> 2 | J11: =Form_Responses1[[#This Row],[Column13]] -> 3 | K11: =Form_Responses1[[#This Row],[Column14]] -> 2 | L11: =Form_Responses1[[#This Row],[Column15]] -> 2 | M11: =Form_Responses1[[#This Row],[Column16]] -> 2 | N11: =Form_Responses1[[#This Row],[Column17]] -> 3 | O11: =Form_Responses1[[#This Row],[Column18]] -> 4 | P11: =Form_Responses1[[#This Row],[Column19]] -> 2 | Q11: =Form_Responses1[[#This Row],[Column20]] -> 3 | R11: =Form_Responses1[[#This Row],[Column21]] -> 4 | S11: =Form_Responses1[[#This Row],[Column22]] -> 2 | T11: =Form_Responses1[[#This Row],[Column23]] -> 4 | U11: =Form_Responses1[[#This Row],[Column24]] -> 3 | V11: =Form_Responses1[[#This Row],[Column25]] -> 4 | W11: =Form_Responses1[[#This Row],[Column26]] -> 2 | X11: =Form_Responses1[[#This Row],[Column27]] -> 3 | Y11: =Form_Responses1[[#This Row],[Column28]] -> 2 | Z11: =SUM(F11:Y11) -> 54 | AA11: =AVERAGE('Karakteristik yang Dominan'!E12,'Kepemimpinan dalam Rumah Sakit'!E12,'Pengelolaan Pegawai'!E12,'Perekat Rumah Sakit'!E12,'Strategi yang Ditekankan'!E12,'Kriteria dari Kesuksesan'!E12) -> 28.333333 | AB11: =AVERAGE('Karakteristik yang Dominan'!F12,'Kepemimpinan dalam Rumah Sakit'!F12,'Pengelolaan Pegawai'!F12,'Perekat Rumah Sakit'!F12,'Strategi yang Ditekankan'!F12,'Kriteria dari Kesuksesan'!F12) -> 30 | AC11: =AVERAGE('Karakteristik yang Dominan'!G12,'Kepemimpinan dalam Rumah Sakit'!G12,'Pengelolaan Pegawai'!G12,'Perekat Rumah Sakit'!G12,'Strategi yang Ditekankan'!G12,'Kriteria dari Kesuksesan'!G12) -> 15 | AD11: =AVERAGE('Karakteristik yang Dominan'!H12,'Kepemimpinan dalam Rumah Sakit'!H12,'Pengelolaan Pegawai'!H12,'Perekat Rumah Sakit'!H12,'Strategi yang Ditekankan'!H12,'Kriteria dari Kesuksesan'!H12) -> 26.666667 | AE11: 4.15
A12: =Sosiometri!A12 -> Perempuan | B12: =Sosiometri!B12 -> 21-30 tahun | C12: =Sosiometri!C12 -> S1 | D12: =Sosiometri!D12 -> >3-5 tahun | E12: =Sosiometri!E12 -> Koordinator | F12: =Form_Responses1[[#This Row],[Column9]] -> 5 | G12: =Form_Responses1[[#This Row],[Column10]] -> 5 | H12: =Form_Responses1[[#This Row],[Column11]] -> 5 | I12: =Form_Responses1[[#This Row],[Column12]] -> 5 | J12: =Form_Responses1[[#This Row],[Column13]] -> 5 | K12: =Form_Responses1[[#This Row],[Column14]] -> 5 | L12: =Form_Responses1[[#This Row],[Column15]] -> 5 | M12: =Form_Responses1[[#This Row],[Column16]] -> 5 | N12: =Form_Responses1[[#This Row],[Column17]] -> 5 | O12: =Form_Responses1[[#This Row],[Column18]] -> 5 | P12: =Form_Responses1[[#This Row],[Column19]] -> 5 | Q12: =Form_Responses1[[#This Row],[Column20]] -> 5 | R12: =Form_Responses1[[#This Row],[Column21]] -> 5 | S12: =Form_Responses1[[#This Row],[Column22]] -> 5 | T12: =Form_Responses1[[#This Row],[Column23]] -> 5 | U12: =Form_Responses1[[#This Row],[Column24]] -> 5 | V12: =Form_Responses1[[#This Row],[Column25]] -> 5 | W12: =Form_Responses1[[#This Row],[Column26]] -> 5 | X12: =Form_Responses1[[#This Row],[Column27]] -> 5 | Y12: =Form_Responses1[[#This Row],[Column28]] -> 5 | Z12: =SUM(F12:Y12) -> 100 | AA12: =AVERAGE('Karakteristik yang Dominan'!E13,'Kepemimpinan dalam Rumah Sakit'!E13,'Pengelolaan Pegawai'!E13,'Perekat Rumah Sakit'!E13,'Strategi yang Ditekankan'!E13,'Kriteria dari Kesuksesan'!E13) -> 24.166667 | AB12: =AVERAGE('Karakteristik yang Dominan'!F13,'Kepemimpinan dalam Rumah Sakit'!F13,'Pengelolaan Pegawai'!F13,'Perekat Rumah Sakit'!F13,'Strategi yang Ditekankan'!F13,'Kriteria dari Kesuksesan'!F13) -> 25.833333 | AC12: =AVERAGE('Karakteristik yang Dominan'!G13,'Kepemimpinan dalam Rumah Sakit'!G13,'Pengelolaan Pegawai'!G13,'Perekat Rumah Sakit'!G13,'Strategi yang Ditekankan'!G13,'Kriteria dari Kesuksesan'!G13) -> 26.666667 | AD12: =AVERAGE('Karakteristik yang Dominan'!H13,'Kepemimpinan dalam Rumah Sakit'!H13,'Pengelolaan Pegawai'!H13,'Perekat Rumah Sakit'!H13,'Strategi yang Ditekankan'!H13,'Kriteria dari Kesuksesan'!H13) -> 23.333333 | AE12: 5.02
A13: =Sosiometri!A13 -> Perempuan | B13: =Sosiometri!B13 -> 21-30 tahun | C13: =Sosiometri!C13 -> D3 | D13: =Sosiometri!D13 -> 1-3 tahun | E13: =Sosiometri!E13 -> Staf Pelaksana | F13: =Form_Responses1[[#This Row],[Column9]] -> 4 | G13: =Form_Responses1[[#This Row],[Column10]] -> 4 | H13: =Form_Responses1[[#This Row],[Column11]] -> 4 | I13: =Form_Responses1[[#This Row],[Column12]] -> 5 | J13: =Form_Responses1[[#This Row],[Column13]] -> 5 | K13: =Form_Responses1[[#This Row],[Column14]] -> 4 | L13: =Form_Responses1[[#This Row],[Column15]] -> 4 | M13: =Form_Responses1[[#This Row],[Column16]] -> 4 | N13: =Form_Responses1[[#This Row],[Column17]] -> 5 | O13: =Form_Responses1[[#This Row],[Column18]] -> 5 | P13: =Form_Responses1[[#This Row],[Column19]] -> 5 | Q13: =Form_Responses1[[#This Row],[Column20]] -> 4 | R13: =Form_Responses1[[#This Row],[Column21]] -> 5 | S13: =Form_Responses1[[#This Row],[Column22]] -> 5 | T13: =Form_Responses1[[#This Row],[Column23]] -> 4 | U13: =Form_Responses1[[#This Row],[Column24]] -> 5 | V13: =Form_Responses1[[#This Row],[Column25]] -> 4 | W13: =Form_Responses1[[#This Row],[Column26]] -> 5 | X13: =Form_Responses1[[#This Row],[Column27]] -> 5 | Y13: =Form_Responses1[[#This Row],[Column28]] -> 5 | Z13: =SUM(F13:Y13) -> 91 | AA13: =AVERAGE('Karakteristik yang Dominan'!E14,'Kepemimpinan dalam Rumah Sakit'!E14,'Pengelolaan Pegawai'!E14,'Perekat Rumah Sakit'!E14,'Strategi yang Ditekankan'!E14,'Kriteria dari Kesuksesan'!E14) -> 25 | AB13: =AVERAGE('Karakteristik yang Dominan'!F14,'Kepemimpinan dalam Rumah Sakit'!F14,'Pengelolaan Pegawai'!F14,'Perekat Rumah Sakit'!F14,'Strategi yang Ditekankan'!F14,'Kriteria dari Kesuksesan'!F14) -> 25 | AC13: =AVERAGE('Karakteristik yang Dominan'!G14,'Kepemimpinan dalam Rumah Sakit'!G14,'Pengelolaan Pegawai'!G14,'Perekat Rumah Sakit'!G14,'Strategi yang Ditekankan'!G14,'Kriteria dari Kesuksesan'!G14) -> 25 | AD13: =AVERAGE('Karakteristik yang Dominan'!H14,'Kepemimpinan dalam Rumah Sakit'!H14,'Pengelolaan Pegawai'!H14,'Perekat Rumah Sakit'!H14,'Strategi yang Ditekankan'!H14,'Kriteria dari Kesuksesan'!H14) -> 25 | AE13: 4.25
... A132: =Sosiometri!A132 -> Perempuan | B132: =Sosiometri!B132 -> 41-50 tahun | C132: =Sosiometri!C132 -> SMA/SMK/SPK | D132: =Sosiometri!D132 -> > 5 tahun | E132: =Sosiometri!E132 -> Staf Pelaksana | F132: =Form_Responses1[[#This Row],[Column9]] -> 2 | G132: =Form_Responses1[[#This Row],[Column10]] -> 3 | H132: =Form_Responses1[[#This Row],[Column11]] -> 4 | I132: =Form_Responses1[[#This Row],[Column12]] -> 4 | J132: =Form_Responses1[[#This Row],[Column13]] -> 3 | K132: =Form_Responses1[[#This Row],[Column14]] -> 4 | L132: =Form_Responses1[[#This Row],[Column15]] -> 3 | M132: =Form_Responses1[[#This Row],[Column16]] -> 4 | N132: =Form_Responses1[[#This Row],[Column17]] -> 4 | O132: =Form_Responses1[[#This Row],[Column18]] -> 3 | P132: =Form_Responses1[[#This Row],[Column19]] -> 2 | Q132: =Form_Responses1[[#This Row],[Column20]] -> 2 | R132: =Form_Responses1[[#This Row],[Column21]] -> 2 | S132: =Form_Responses1[[#This Row],[Column22]] -> 4 | T132: =Form_Responses1[[#This Row],[Column23]] -> 3 | U132: =Form_Responses1[[#This Row],[Column24]] -> 2 | V132: =Form_Responses1[[#This Row],[Column25]] -> 3 | W132: =Form_Responses1[[#This Row],[Column26]] -> 2 | X132: =Form_Responses1[[#This Row],[Column27]] -> 2 | Y132: =Form_Responses1[[#This Row],[Column28]] -> 3 | Z132: =SUM(F132:Y132) -> 59 | AA132: =AVERAGE('Karakteristik yang Dominan'!E133,'Kepemimpinan dalam Rumah Sakit'!E133,'Pengelolaan Pegawai'!E133,'Perekat Rumah Sakit'!E133,'Strategi yang Ditekankan'!E133,'Kriteria dari Kesuksesan'!E133) -> 26.666667 | AB132: =AVERAGE('Karakteristik yang Dominan'!F133,'Kepemimpinan dalam Rumah Sakit'!F133,'Pengelolaan Pegawai'!F133,'Perekat Rumah Sakit'!F133,'Strategi yang Ditekankan'!F133,'Kriteria dari Kesuksesan'!F133) -> 23.333333 | AC132: =AVERAGE('Karakteristik yang Dominan'!G133,'Kepemimpinan dalam Rumah Sakit'!G133,'Pengelolaan Pegawai'!G133,'Perekat Rumah Sakit'!G133,'Strategi yang Ditekankan'!G133,'Kriteria dari Kesuksesan'!G133) -> 26.666667 | AD132: =AVERAGE('Karakteristik yang Dominan'!H133,'Kepemimpinan dalam Rumah Sakit'!H133,'Pengelolaan Pegawai'!H133,'Perekat Rumah Sakit'!H133,'Strategi yang Ditekankan'!H133,'Kriteria dari Kesuksesan'!H133) -> 23.333333 | AE132: 4.07

Sheet Sosiometri
A1: Jenis Kelamin | B1: Usia | C1: Pendidikan Terakhir | D1: Lama Bekerja | E1: Jabatan
A2: Perempuan | B2: 41-50 tahun | C2: S1 | D2: > 5 tahun | E2: Level 2
A3: Perempuan | B3: 31-40 tahun | C3: D3 | D3: > 5 tahun | E3: Staf Pelaksana
A4: Perempuan | B4: 31-40 tahun | C4: D3 | D4: > 5 tahun | E4: Level 3
A5: Perempuan | B5: 31-40 tahun | C5: D3 | D5: > 5 tahun | E5: Staf Pelaksana
A6: Laki-Laki | B6: 51-60 tahun | C6: D3 | D6: >3-5 tahun | E6: Staf Pelaksana
A7: Laki-Laki | B7: 21-30 tahun | C7: D3 | D7: <1 tahun | E7: Staf Pelaksana
A8: Perempuan | B8: 21-30 tahun | C8: S1 | D8: <1 tahun | E8: Staf Pelaksana
A9: Perempuan | B9: 21-30 tahun | C9: S1 | D9: >3-5 tahun | E9: Staf Pelaksana
A10: Laki-Laki | B10: 21-30 tahun | C10: S1 | D10: <1 tahun | E10: Staf Pelaksana
A11: Laki-Laki | B11: 21-30 tahun | C11: S1 | D11: <1 tahun | E11: Staf Pelaksana
A12: Perempuan | B12: 21-30 tahun | C12: S1 | D12: >3-5 tahun | E12: Koordinator
... A132: Perempuan | B132: 41-50 tahun | C132: SMA/SMK/SPK | D132: > 5 tahun | E132: Staf Pelaksana

Sheet Kepemimpinan
A1: K1 | B1: K2 | C1: K3 | D1: K4 | E1: K5 | F1: K6 | G1: K7 | H1: K8 | I1: K9 | J1: K10 | K1: K11 | L1: K12 | M1: K13 | N1: K14 | O1: K15 | P1: K16 | Q1: K17 | R1: K18 | S1: K19 | T1: K20 | U1: Kepemimpinan
A2: 4 | B2: 5 | C2: 4 | D2: 5 | E2: 4 | F2: 5 | G2: 5 | H2: 5 | I2: 5 | J2: 5 | K2: 5 | L2: 5 | M2: 4 | N2: 4 | O2: 4 | P2: 4 | Q2: 5 | R2: 5 | S2: 5 | T2: 4 | U2: =SUM(Form_Responses1[[#This Row],[Column9]:[Column28]]) -> 92
A3: 4 | B3: 4 | C3: 2 | D3: 3 | E3: 3 | F3: 4 | G3: 3 | H3: 2 | I3: 2 | J3: 3 | K3: 2 | L3: 2 | M3: 2 | N3: 3 | O3: 3 | P3: 3 | Q3: 2 | R3: 3 | S3: 4 | T3: 3 | U3: =SUM(Form_Responses1[[#This Row],[Column9]:[Column28]]) -> 57
A4: 5 | B4: 5 | C4: 5 | D4: 4 | E4: 5 | F4: 5 | G4: 4 | H4: 5 | I4: 5 | J4: 5 | K4: 5 | L4: 5 | M4: 5 | N4: 5 | O4: 5 | P4: 5 | Q4: 5 | R4: 5 | S4: 5 | T4: 5 | U4: =SUM(Form_Responses1[[#This Row],[Column9]:[Column28]]) -> 98
A5: 3 | B5: 4 | C5: 3 | D5: 4 | E5: 4 | F5: 4 | G5: 4 | H5: 4 | I5: 4 | J5: 4 | K5: 4 | L5: 4 | M5: 4 | N5: 4 | O5: 4 | P5: 3 | Q5: 4 | R5: 3 | S5: 3 | T5: 3 | U5: =SUM(Form_Responses1[[#This Row],[Column9]:[Column28]]) -> 74
A6: 4 | B6: 4 | C6: 4 | D6: 4 | E6: 4 | F6: 4 | G6: 4 | H6: 4 | I6: 4 | J6: 4 | K6: 4 | L6: 3 | M6: 4 | N6: 3 | O6: 4 | P6: 4 | Q6: 4 | R6: 4 | S6: 4 | T6: 4 | U6: =SUM(Form_Responses1[[#This Row],[Column9]:[Column28]]) -> 78
A7: 5 | B7: 5 | C7: 4 | D7: 4 | E7: 5 | F7: 5 | G7: 5 | H7: 4 | I7: 4 | J7: 5 | K7: 5 | L7: 4 | M7: 5 | N7: 5 | O7: 5 | P7: 4 | Q7: 5 | R7: 5 | S7: 5 | T7: 5 | U7: =SUM(Form_Responses1[[#This Row],[Column9]:[Column28]]) -> 94
A8: 4 | B8: 4 | C8: 4 | D8: 4 | E8: 5 | F8: 5 | G8: 4 | H8: 4 | I8: 4 | J8: 4 | K8: 5 | L8: 4 | M8: 5 | N8: 4 | O8: 5 | P8: 5 | Q8: 5 | R8: 4 | S8: 5 | T8: 4 | U8: =SUM(Form_Responses1[[#This Row],[Column9]:[Column28]]) -> 88
A9: 2 | B9: 4 | C9: 3 | D9: 2 | E9: 3 | F9: 4 | G9: 3 | H9: 4 | I9: 4 | J9: 4 | K9: 3 | L9: 3 | M9: 2 | N9: 3 | O9: 3 | P9: 3 | Q9: 3 | R9: 3 | S9: 3 | T9: 2 | U9: =SUM(Form_Responses1[[#This Row],[Column9]:[Column28]]) -> 61
A10: 3 | B10: 3 | C10: 3 | D10: 2 | E10: 2 | F10: 3 | G10: 2 | H10: 2 | I10: 3 | J10: 3 | K10: 3 | L10: 3 | M10: 3 | N10: 2 | O10: 3 | P10: 2 | Q10: 3 | R10: 3 | S10: 2 | T10: 2 | U10: =SUM(Form_Responses1[[#This Row],[Column9]:[Column28]]) -> 52
A11: 2 | B11: 2 | C11: 3 | D11: 2 | E11: 3 | F11: 2 | G11: 2 | H11: 2 | I11: 3 | J11: 4 | K11: 2 | L11: 3 | M11: 4 | N11: 2 | O11: 4 | P11: 3 | Q11: 4 | R11: 2 | S11: 3 | T11: 2 | U11: =SUM(Form_Responses1[[#This Row],[Column9]:[Column28]]) -> 54
A12: 5 | B12: 5 | C12: 5 | D12: 5 | E12: 5 | F12: 5 | G12: 5 | H12: 5 | I12: 5 | J12: 5 | K12: 5 | L12: 5 | M12: 5 | N12: 5 | O12: 5 | P12: 5 | Q12: 5 | R12: 5 | S12: 5 | T12: 5 | U12: =SUM(Form_Responses1[[#This Row],[Column9]:[Column28]]) -> 100
A13: 4 | B13: 4 | C13: 4 | D13: 5 | E13: 5 | F13: 4 | G13: 4 | H13: 4 | I13: 5 | J13: 5 | K13: 5 | L13: 4 | M13: 5 | N13: 5 | O13: 4 | P13: 5 | Q13: 4 | R13: 5 | S13: 5 | T13: 5 | U13: =SUM(Form_Responses1[[#This Row],[Column9]:[Column28]]) -> 91
... A132: 2 | B132: 3 | C132: 4 | D132: 4 | E132: 3 | F132: 4 | G132: 3 | H132: 4 | I132: 4 | J132: 3 | K132: 2 | L132: 2 | M132: 2 | N132: 4 | O132: 3 | P132: 2 | Q132: 3 | R132: 2 | S132: 2 | T132: 3 | U132: =SUM(Form_Responses1[[#This Row],[Column9]:[Column28]]) -> 59
U133: =SUM(Form_Responses1[[#This Row],[Column9]:[Column28]]) -> 0
U134: =SUM(Form_Responses1[[#This Row],[Column9]:[Column28]]) -> 0
U135: =SUM(Form_Responses1[[#This Row],[Column9]:[Column28]]) -> 0
U136: =SUM(Form_Responses1[[#This Row],[Column9]:[Column28]]) -> 0
U137: =SUM(Form_Responses1[[#This Row],[Column9]:[Column28]]) -> 0
U138: =SUM(Form_Responses1[[#This Row],[Column9]:[Column28]]) -> 0
U139: =SUM(Form_Responses1[[#This Row],[Column9]:[Column28]]) -> 0
U140: =SUM(Form_Responses1[[#This Row],[Column9]:[Column28]]) -> 0
U141: =SUM(Form_Responses1[[#This Row],[Column9]:[Column28]]) -> 0
U142: =SUM(Form_Responses1[[#This Row],[Column9]:[Column28]]) -> 0
U143: =SUM(Form_Responses1[[#This Row],[Column9]:[Column28]]) -> 0
U144: =SUM(Form_Responses1[[#This Row],[Column9]:[Column28]]) -> 0
... U182: =SUM(Form_Responses1[[#This Row],[Column9]:[Column28]]) -> 0

Sheet Budaya Organisasi
A1: Karakteristik yang Dominan (Prefered) | E1: Karakteristik yang Dominan (Now) | I1: Kepemimpinan dalam Rumah Sakit (Prefered) | M1: Kepemimpinan dalam Rumah Sakit (Now) | Q1: Pengelolaan Pegawai (Prefered) | U1: Pengelolaan Pegawai (Now) | Y1: Perekat Rumah Sakit (Prefered) | AC1: Perekat Rumah Sakit (Now) | AG1: Strategi yang Ditekankan (Prefered) | AK1: Strategi yang Ditekankan (Now) | AO1: Kriteria dari Kesuksesan (Prefered) | AS1: Kriteria dari Kesuksesan (Now) | AW1: Y
A2: Clan | B2: Adhocracy | C2: Market | D2: Hierarchy | E2: Clan | F2: Adhocracy | G2: Market | H2: Hierarchy | I2: Clan | J2: Adhocracy | K2: Market | L2: Hierarchy | M2: Clan | N2: Adhocracy | O2: Market | P2: Hierarchy | Q2: Clan | R2: Adhocracy | S2: Market | T2: Hierarchy | U2: Clan | V2: Adhocracy | W2: Market | X2: Hierarchy | Y2: Clan | Z2: Adhocracy | AA2: Market | AB2: Hierarchy | AC2: Clan | AD2: Adhocracy | AE2: Market | AF2: Hierarchy | AG2: Clan | AH2: Adhocracy | AI2: Market | AJ2: Hierarchy | AK2: Clan | AL2: Adhocracy | AM2: Market | AN2: Hierarchy | AO2: Clan | AP2: Adhocracy | AQ2: Market | AR2: Hierarchy | AS2: Clan | AT2: Adhocracy | AU2: Market | AV2: Hierarchy | AW2: Nilai 2023 | AX2: Bobot | AY2: Nilai 2024 | AZ2: Bobot | BA2: Column 93 | BB2: Y | BC2: Y
A3: 30 | B3: 20 | C3: 20 | D3: 30 | E3: 30 | F3: 30 | G3: 20 | H3: 20 | I3: 30 | J3: 30 | K3: 20 | L3: 20 | M3: 30 | N3: 30 | O3: 20 | P3: 20 | Q3: 20 | R3: 20 | S3: 30 | T3: 30 | U3: 20 | V3: 20 | W3: 30 | X3: 30 | Y3: 30 | Z3: 30 | AA3: 20 | AB3: 20 | AC3: 20 | AD3: 20 | AE3: 30 | AF3: 30 | AG3: 20 | AH3: 20 | AI3: 30 | AJ3: 30 | AK3: 20 | AL3: 20 | AM3: 30 | AN3: 30 | AO3: 20 | AP3: 20 | AQ3: 30 | AR3: 30 | AS3: 20 | AT3: 20 | AU3: 30 | AV3: 30 | AW3: 4.81 | AX3: B | BB3: =AW3 -> 4.81 | BC3: =IF(AW3>0,AW3,AY3) -> 4.81
A4: 40 | B4: 10 | C4: 20 | D4: 30 | E4: 40 | F4: 10 | G4: 30 | H4: 20 | I4: 30 | J4: 30 | K4: 20 | L4: 20 | M4: 30 | N4: 30 | O4: 20 | P4: 20 | Q4: 20 | R4: 20 | S4: 30 | T4: 30 | U4: 20 | V4: 20 | W4: 30 | X4: 30 | Y4: 30 | Z4: 30 | AA4: 20 | AB4: 20 | AC4: 30 | AD4: 30 | AE4: 20 | AF4: 20 | AG4: 30 | AH4: 30 | AI4: 20 | AJ4: 20 | AK4: 30 | AL4: 30 | AM4: 20 | AN4: 20 | AO4: 30 | AP4: 30 | AQ4: 20 | AR4: 20 | AS4: 30 | AT4: 30 | AU4: 20 | AV4: 20 | AW4: 4.01 | AX4: B | BB4: =AW4 -> 4.01 | BC4: =IF(AW4>0,AW4,AY4) -> 4.01
A5: 25 | B5: 25 | C5: 25 | D5: 25 | E5: 25 | F5: 25 | G5: 25 | H5: 25 | I5: 25 | J5: 25 | K5: 25 | L5: 25 | M5: 25 | N5: 25 | O5: 25 | P5: 25 | Q5: 25 | R5: 25 | S5: 25 | T5: 25 | U5: 25 | V5: 25 | W5: 25 | X5: 25 | Y5: 25 | Z5: 25 | AA5: 25 | AB5: 25 | AC5: 25 | AD5: 25 | AE5: 25 | AF5: 25 | AG5: 25 | AH5: 25 | AI5: 25 | AJ5: 25 | AK5: 25 | AL5: 25 | AM5: 25 | AN5: 25 | AO5: 25 | AP5: 25 | AQ5: 25 | AR5: 25 | AS5: 25 | AT5: 25 | AU5: 25 | AV5: 25 | AW5: 4.48 | AX5: B | BB5: =AW5 -> 4.48 | BC5: =IF(AW5>0,AW5,AY5) -> 4.48
A6: 30 | B6: 30 | C6: 20 | D6: 20 | E6: 20 | F6: 20 | G6: 30 | H6: 30 | I6: 10 | J6: 40 | K6: 25 | L6: 25 | M6: 20 | N6: 30 | O6: 20 | P6: 30 | Q6: 20 | R6: 30 | S6: 30 | T6: 20 | U6: 20 | V6: 30 | W6: 30 | X6: 20 | Y6: 30 | Z6: 30 | AA6: 20 | AB6: 20 | AC6: 30 | AD6: 20 | AE6: 30 | AF6: 20 | AG6: 20 | AH6: 30 | AI6: 20 | AJ6: 30 | AK6: 30 | AL6: 30 | AM6: 20 | AN6: 20 | AO6: 30 | AP6: 20 | AQ6: 30 | AR6: 20 | AS6: 30 | AT6: 20 | AU6: 30 | AV6: 20 | AW6: 4.37 | AX6: B | BB6: =AW6 -> 4.37 | BC6: =IF(AW6>0,AW6,AY6) -> 4.37
A7: 50 | B7: 20 | C7: 10 | D7: 20 | E7: 10 | F7: 30 | G7: 30 | H7: 30 | I7: 40 | J7: 20 | K7: 20 | L7: 20 | M7: 30 | N7: 30 | O7: 20 | P7: 20 | Q7: 15 | R7: 15 | S7: 25 | T7: 45 | U7: 20 | V7: 20 | W7: 20 | X7: 40 | Y7: 20 | Z7: 20 | AA7: 20 | AB7: 40 | AC7: 20 | AD7: 20 | AE7: 20 | AF7: 40 | AG7: 40 | AH7: 20 | AI7: 20 | AJ7: 20 | AK7: 40 | AL7: 20 | AM7: 20 | AN7: 20 | AO7: 40 | AP7: 20 | AQ7: 20 | AR7: 20 | AS7: 40 | AT7: 20 | AU7: 20 | AV7: 20 | AW7: 4.35 | AX7: B | BB7: =AW7 -> 4.35 | BC7: =IF(AW7>0,AW7,AY7) -> 4.35
A8: 40 | B8: 20 | C8: 20 | D8: 20 | E8: 40 | F8: 20 | G8: 20 | H8: 20 | I8: 30 | J8: 30 | K8: 20 | L8: 20 | M8: 20 | N8: 30 | O8: 20 | P8: 30 | Q8: 30 | R8: 30 | S8: 20 | T8: 20 | U8: 30 | V8: 20 | W8: 30 | X8: 20 | Y8: 30 | Z8: 30 | AA8: 20 | AB8: 20 | AC8: 30 | AD8: 20 | AE8: 30 | AF8: 20 | AG8: 30 | AH8: 20 | AI8: 20 | AJ8: 30 | AK8: 30 | AL8: 20 | AM8: 30 | AN8: 20 | AO8: 30 | AP8: 30 | AQ8: 20 | AR8: 20 | AS8: 20 | AT8: 30 | AU8: 30 | AV8: 20 | AW8: 4.29 | AX8: B | AY8: 4.54 | AZ8: B | BB8: =AW8 -> 4.29 | BC8: =IF(AW8>0,AW8,AY8) -> 4.29
A9: 20 | B9: 20 | C9: 20 | D9: 40 | E9: 25 | F9: 25 | G9: 25 | H9: 25 | I9: 25 | J9: 25 | K9: 25 | L9: 25 | M9: 25 | N9: 25 | O9: 25 | P9: 25 | Q9: 25 | R9: 25 | S9: 25 | T9: 25 | U9: 25 | V9: 25 | W9: 25 | X9: 25 | Y9: 25 | Z9: 25 | AA9: 25 | AB9: 25 | AC9: 25 | AD9: 25 | AE9: 25 | AF9: 25 | AG9: 25 | AH9: 25 | AI9: 25 | AJ9: 25 | AK9: 25 | AL9: 25 | AM9: 25 | AN9: 25 | AO9: 25 | AP9: 25 | AQ9: 25 | AR9: 25 | AS9: 25 | AT9: 25 | AU9: 25 | AV9: 25 | AY9: 4.07 | AZ9: B | BB9: =AW9 -> 0 | BC9: =IF(AW9>0,AW9,AY9) -> 4.07
A10: 25 | B10: 25 | C10: 25 | D10: 25 | E10: 25 | F10: 25 | G10: 25 | H10: 25 | I10: 25 | J10: 25 | K10: 25 | L10: 25 | M10: 25 | N10: 25 | O10: 25 | P10: 25 | Q10: 25 | R10: 25 | S10: 25 | T10: 25 | U10: 25 | V10: 25 | W10: 25 | X10: 25 | Y10: 25 | Z10: 25 | AA10: 25 | AB10: 25 | AC10: 25 | AD10: 25 | AE10: 25 | AF10: 25 | AG10: 25 | AH10: 25 | AI10: 25 | AJ10: 25 | AK10: 25 | AL10: 25 | AM10: 25 | AN10: 25 | AO10: 25 | AP10: 25 | AQ10: 25 | AR10: 25 | AS10: 25 | AT10: 25 | AU10: 25 | AV10: 25 | AW10: 4.03 | AX10: B | BB10: =AW10 -> 4.03 | BC10: =IF(AW10>0,AW10,AY10) -> 4.03
A11: 25 | B11: 25 | C11: 25 | D11: 25 | E11: 25 | F11: 25 | G11: 25 | H11: 25 | I11: 25 | J11: 25 | K11: 25 | L11: 25 | M11: 25 | N11: 25 | O11: 25 | P11: 25 | Q11: 25 | R11: 25 | S11: 25 | T11: 25 | U11: 25 | V11: 25 | W11: 25 | X11: 25 | Y11: 25 | Z11: 25 | AA11: 25 | AB11: 25 | AC11: 25 | AD11: 25 | AE11: 25 | AF11: 25 | AG11: 25 | AH11: 25 | AI11: 25 | AJ11: 25 | AK11: 25 | AL11: 25 | AM11: 25 | AN11: 25 | AO11: 25 | AP11: 25 | AQ11: 25 | AR11: 25 | AS11: 25 | AT11: 25 | AU11: 25 | AV11: 25 | AW11: 3.81 | AX11: C | AY11: 3.91 | AZ11: C | BB11: =AW11 -> 3.81 | BC11: =IF(AW11>0,AW11,AY11) -> 3.81
A12: 30 | B12: 30 | C12: 10 | D12: 30 | E12: 30 | F12: 40 | G12: 10 | H12: 20 | I12: 20 | J12: 20 | K12: 30 | L12: 30 | M12: 20 | N12: 20 | O12: 30 | P12: 30 | Q12: 20 | R12: 40 | S12: 10 | T12: 30 | U12: 20 | V12: 40 | W12: 10 | X12: 30 | Y12: 40 | Z12: 20 | AA12: 10 | AB12: 30 | AC12: 40 | AD12: 20 | AE12: 10 | AF12: 30 | AG12: 30 | AH12: 30 | AI12: 10 | AJ12: 30 | AK12: 30 | AL12: 30 | AM12: 10 | AN12: 30 | AO12: 20 | AP12: 20 | AQ12: 30 | AR12: 30 | AS12: 30 | AT12: 30 | AU12: 20 | AV12: 20 | AW12: 4.15 | AX12: B | BB12: =AW12 -> 4.15 | BC12: =IF(AW12>0,AW12,AY12) -> 4.15
A13: 40 | B13: 30 | C13: 20 | D13: 10 | E13: 40 | F13: 30 | G13: 20 | H13: 10 | I13: 30 | J13: 30 | K13: 20 | L13: 20 | M13: 20 | N13: 20 | O13: 30 | P13: 30 | Q13: 10 | R13: 20 | S13: 30 | T13: 40 | U13: 20 | V13: 20 | W13: 40 | X13: 20 | Y13: 40 | Z13: 40 | AA13: 10 | AB13: 10 | AC13: 10 | AD13: 20 | AE13: 30 | AF13: 40 | AG13: 40 | AH13: 20 | AI13: 30 | AJ13: 10 | AK13: 20 | AL13: 30 | AM13: 30 | AN13: 20 | AO13: 30 | AP13: 20 | AQ13: 30 | AR13: 20 | AS13: 35 | AT13: 35 | AU13: 10 | AV13: 20 | AW13: 5.02 | AX13: A | BB13: =AW13 -> 5.02 | BC13: =IF(AW13>0,AW13,AY13) -> 5.02
A14: 25 | B14: 25 | C14: 25 | D14: 25 | E14: 25 | F14: 25 | G14: 25 | H14: 25 | I14: 25 | J14: 25 | K14: 25 | L14: 25 | M14: 25 | N14: 25 | O14: 25 | P14: 25 | Q14: 25 | R14: 25 | S14: 25 | T14: 25 | U14: 25 | V14: 25 | W14: 25 | X14: 25 | Y14: 25 | Z14: 25 | AA14: 25 | AB14: 25 | AC14: 25 | AD14: 25 | AE14: 25 | AF14: 25 | AG14: 25 | AH14: 25 | AI14: 25 | AJ14: 25 | AK14: 25 | AL14: 25 | AM14: 25 | AN14: 25 | AO14: 25 | AP14: 25 | AQ14: 25 | AR14: 25 | AS14: 25 | AT14: 25 | AU14: 25 | AV14: 25 | AY14: 4.25 | AZ14: B | BB14: =AW14 -> 0 | BC14: =IF(AW14>0,AW14,AY14) -> 4.25
A15: 25 | B15: 25 | C15: 25 | D15: 25 | E15: 25 | F15: 25 | G15: 25 | H15: 25 | I15: 25 | J15: 25 | K15: 25 | L15: 25 | M15: 25 | N15: 25 | O15: 25 | P15: 25 | Q15: 25 | R15: 25 | S15: 25 | T15: 25 | U15: 25 | V15: 25 | W15: 25 | X15: 25 | Y15: 25 | Z15: 25 | AA15: 25 | AB15: 25 | AC15: 25 | AD15: 25 | AE15: 25 | AF15: 25 | AG15: 25 | AH15: 25 | AI15: 25 | AJ15: 25 | AK15: 25 | AL15: 25 | AM15: 25 | AN15: 25 | AO15: 25 | AP15: 25 | AQ15: 25 | AR15: 25 | AS15: 25 | AT15: 25 | AU15: 25 | AV15: 25 | AW15: 4.06 | AX15: B | AY15: 4.16 | AZ15: B | BB15: =AW15 -> 4.06 | BC15: =IF(AW15>0,AW15,AY15) -> 4.06
A16: 30 | B16: 30 | C16: 20 | D16: 20 | E16: 20 | F16: 40 | G16: 20 | H16: 20 | I16: 30 | J16: 20 | K16: 20 | L16: 30 | M16: 30 | N16: 20 | O16: 20 | P16: 30 | Q16: 20 | R16: 30 | S16: 20 | T16: 30 | U16: 20 | V16: 30 | W16: 20 | X16: 30 | Y16: 20 | Z16: 30 | AA16: 20 | AB16: 30 | AC16: 20 | AD16: 30 | AE16: 20 | AF16: 30 | AG16: 20 | AH16: 30 | AI16: 30 | AJ16: 20 | AK16: 20 | AL16: 30 | AM16: 30 | AN16: 20 | AO16: 30 | AP16: 20 | AQ16: 20 | AR16: 30 | AS16: 30 | AT16: 20 | AU16: 20 | AV16: 30 | AW16: 4.01 | AX16: B | AY16: 4.71 | AZ16: B | BB16: =AW16 -> 4.01 | BC16: =IF(AW16>0,AW16,AY16) -> 4.01
A17: 30 | B17: 30 | C17: 20 | D17: 20 | E17: 30 | F17: 30 | G17: 20 | H17: 20 | I17: 20 | J17: 30 | K17: 20 | L17: 30 | M17: 20 | N17: 30 | O17: 20 | P17: 30 | Q17: 30 | R17: 30 | S17: 20 | T17: 20 | U17: 20 | V17: 30 | W17: 20 | X17: 30 | Y17: 30 | Z17: 30 | AA17: 20 | AB17: 20 | AC17: 20 | AD17: 30 | AE17: 20 | AF17: 30 | AG17: 30 | AH17: 30 | AI17: 20 | AJ17: 20 | AK17: 20 | AL17: 30 | AM17: 20 | AN17: 30 | AO17: 30 | AP17: 30 | AQ17: 20 | AR17: 20 | AS17: 30 | AT17: 30 | AU17: 20 | AV17: 20 | AW17: 4.21 | AX17: B | AY17: 4.91 | AZ17: B | BB17: =AW17 -> 4.21 | BC17: =IF(AW17>0,AW17,AY17) -> 4.21
A18: 25 | B18: 25 | C18: 25 | D18: 25 | E18: 30 | F18: 10 | G18: 30 | H18: 30 | I18: 25 | J18: 25 | K18: 25 | L18: 25 | M18: 25 | N18: 25 | O18: 25 | P18: 25 | Q18: 25 | R18: 25 | S18: 25 | T18: 25 | U18: 25 | V18: 25 | W18: 25 | X18: 25 | Y18: 25 | Z18: 25 | AA18: 25 | AB18: 25 | AC18: 25 | AD18: 25 | AE18: 25 | AF18: 25 | AG18: 10 | AH18: 30 | AI18: 30 | AJ18: 30 | AK18: 10 | AL18: 30 | AM18: 30 | AN18: 30 | AO18: 25 | AP18: 25 | AQ18: 25 | AR18: 25 | AS18: 25 | AT18: 25 | AU18: 25 | AV18: 25 | AW18: 3.88 | AX18: C | AY18: 4.12 | AZ18: B | BB18: =AW18 -> 3.88 | BC18: =IF(AW18>0,AW18,AY18) -> 3.88
A19: 10 | B19: 10 | C19: 10 | D19: 70 | E19: 10 | F19: 10 | G19: 30 | H19: 50 | I19: 55 | J19: 15 | K19: 15 | L19: 15 | M19: 20 | N19: 10 | O19: 10 | P19: 60 | Q19: 10 | R19: 10 | S19: 10 | T19: 70 | U19: 20 | V19: 20 | W19: 30 | X19: 30 | Y19: 10 | Z19: 10 | AA19: 10 | AB19: 70 | AC19: 30 | AD19: 20 | AE19: 20 | AF19: 30 | AG19: 20 | AH19: 35 | AI19: 10 | AJ19: 35 | AK19: 20 | AL19: 30 | AM19: 10 | AN19: 40 | AO19: 20 | AP19: 20 | AQ19: 20 | AR19: 40 | AS19: 20 | AT19: 20 | AU19: 30 | AV19: 30 | AW19: 4.11 | AX19: B | AY19: 4.23 | AZ19: B | BB19: =AW19 -> 4.11 | BC19: =IF(AW19>0,AW19,AY19) -> 4.11
A20: 10 | B20: 20 | C20: 35 | D20: 35 | E20: 10 | F20: 30 | G20: 30 | H20: 30 | I20: 20 | J20: 30 | K20: 20 | L20: 30 | M20: 20 | N20: 30 | O20: 20 | P20: 30 | Q20: 20 | R20: 30 | S20: 20 | T20: 30 | U20: 20 | V20: 30 | W20: 20 | X20: 30 | Y20: 20 | Z20: 20 | AA20: 30 | AB20: 30 | AC20: 15 | AD20: 25 | AE20: 25 | AF20: 35 | AG20: 20 | AH20: 30 | AI20: 20 | AJ20: 30 | AK20: 10 | AL20: 30 | AM20: 30 | AN20: 30 | AO20: 20 | AP20: 30 | AQ20: 20 | AR20: 30 | AS20: 20 | AT20: 30 | AU20: 20 | AV20: 30 | AW20: 4.07 | AX20: B | BB20: =AW20 -> 4.07 | BC20: =IF(AW20>0,AW20,AY20) -> 4.07
A21: 20 | B21: 20 | C21: 20 | D21: 40 | E21: 15 | F21: 35 | G21: 25 | H21: 25 | I21: 20 | J21: 30 | K21: 30 | L21: 20 | M21: 50 | N21: 20 | O21: 10 | P21: 20 | Q21: 20 | R21: 40 | S21: 20 | T21: 20 | U21: 20 | V21: 20 | W21: 30 | X21: 30 | Y21: 25 | Z21: 25 | AA21: 25 | AB21: 25 | AC21: 25 | AD21: 25 | AE21: 25 | AF21: 25 | AG21: 20 | AH21: 30 | AI21: 20 | AJ21: 30 | AK21: 20 | AL21: 40 | AM21: 20 | AN21: 20 | AO21: 30 | AP21: 10 | AQ21: 30 | AR21: 30 | AS21: 20 | AT21: 30 | AU21: 20 | AV21: 30 | AW21: 3.88 | AX21: C | BB21: =AW21 -> 3.88 | BC21: =IF(AW21>0,AW21,AY21) -> 3.88
A22: 25 | B22: 25 | C22: 25 | D22: 25 | E22: 25 | F22: 25 | G22: 25 | H22: 25 | I22: 25 | J22: 25 | K22: 25 | L22: 25 | M22: 25 | N22: 25 | O22: 25 | P22: 25 | Q22: 25 | R22: 25 | S22: 25 | T22: 25 | U22: 25 | V22: 25 | W22: 25 | X22: 25 | Y22: 25 | Z22: 25 | AA22: 25 | AB22: 25 | AC22: 25 | AD22: 25 | AE22: 25 | AF22: 25 | AG22: 25 | AH22: 25 | AI22: 25 | AJ22: 25 | AK22: 25 | AL22: 25 | AM22: 25 | AN22: 25 | AO22: 25 | AP22: 25 | AQ22: 25 | AR22: 25 | AS22: 25 | AT22: 25 | AU22: 25 | AV22: 25 | AY22: 4.15 | AZ22: B | BB22: =AW22 -> 0 | BC22: =IF(AW22>0,AW22,AY22) -> 4.15
A23: 70 | B23: 10 | C23: 10 | D23: 10 | E23: 20 | F23: 10 | G23: 10 | H23: 60 | I23: 10 | J23: 10 | K23: 10 | L23: 70 | M23: 20 | N23: 10 | O23: 10 | P23: 60 | Q23: 10 | R23: 10 | S23: 60 | T23: 20 | U23: 10 | V23: 10 | W23: 60 | X23: 20 | Y23: 70 | Z23: 10 | AA23: 10 | AB23: 10 | AC23: 60 | AD23: 20 | AE23: 10 | AF23: 10 | AG23: 20 | AH23: 60 | AI23: 10 | AJ23: 10 | AK23: 20 | AL23: 50 | AM23: 10 | AN23: 20 | AO23: 70 | AP23: 10 | AQ23: 10 | AR23: 10 | AS23: 70 | AT23: 10 | AU23: 10 | AV23: 10 | AW23: 4.71 | AX23: B | BB23: =AW23 -> 4.71 | BC23: =IF(AW23>0,AW23,AY23) -> 4.71
A24: 20 | B24: 20 | C24: 20 | D24: 40 | E24: 10 | F24: 10 | G24: 40 | H24: 40 | I24: 20 | J24: 20 | K24: 30 | L24: 30 | M24: 10 | N24: 10 | O24: 60 | P24: 20 | Q24: 10 | R24: 10 | S24: 10 | T24: 70 | U24: 20 | V24: 20 | W24: 20 | X24: 40 | Y24: 20 | Z24: 20 | AA24: 30 | AB24: 30 | AC24: 10 | AD24: 30 | AE24: 20 | AF24: 40 | AG24: 30 | AH24: 30 | AI24: 20 | AJ24: 20 | AK24: 10 | AL24: 10 | AM24: 70 | AN24: 10 | AO24: 40 | AP24: 10 | AQ24: 20 | AR24: 30 | AS24: 10 | AT24: 20 | AU24: 30 | AV24: 40 | AW24: 4.17 | AX24: B | AY24: 4.47 | AZ24: B | BB24: =AW24 -> 4.17 | BC24: =IF(AW24>0,AW24,AY24) -> 4.17
A25: 25 | B25: 25 | C25: 25 | D25: 25 | E25: 25 | F25: 25 | G25: 25 | H25: 25 | I25: 25 | J25: 25 | K25: 25 | L25: 25 | M25: 25 | N25: 25 | O25: 25 | P25: 25 | Q25: 25 | R25: 25 | S25: 25 | T25: 25 | U25: 25 | V25: 25 | W25: 25 | X25: 25 | Y25: 25 | Z25: 25 | AA25: 25 | AB25: 25 | AC25: 25 | AD25: 25 | AE25: 25 | AF25: 25 | AG25: 25 | AH25: 25 | AI25: 25 | AJ25: 25 | AK25: 25 | AL25: 25 | AM25: 25 | AN25: 25 | AO25: 25 | AP25: 25 | AQ25: 25 | AR25: 25 | AS25: 25 | AT25: 25 | AU25: 25 | AV25: 25 | AW25: 4.45 | AX25: B | BB25: =AW25 -> 4.45 | BC25: =IF(AW25>0,AW25,AY25) -> 4.45
A26: 20 | B26: 20 | C26: 20 | D26: 40 | E26: 20 | F26: 20 | G26: 20 | H26: 40 | I26: 10 | J26: 10 | K26: 10 | L26: 70 | M26: 20 | N26: 20 | O26: 40 | P26: 20 | Q26: 10 | R26: 20 | S26: 20 | T26: 50 | U26: 40 | V26: 20 | W26: 20 | X26: 20 | Y26: 40 | Z26: 40 | AA26: 10 | AB26: 10 | AC26: 30 | AD26: 20 | AE26: 20 | AF26: 30 | AG26: 20 | AH26: 50 | AI26: 10 | AJ26: 20 | AK26: 20 | AL26: 20 | AM26: 40 | AN26: 20 | AO26: 40 | AP26: 20 | AQ26: 20 | AR26: 20 | AS26: 40 | AT26: 20 | AU26: 20 | AV26: 20 | AY26: 4.15 | AZ26: B | BB26: =AW26 -> 0 | BC26: =IF(AW26>0,AW26,AY26) -> 4.15
A27: 30 | B27: 30 | C27: 20 | D27: 20 | E27: 70 | F27: 10 | G27: 10 | H27: 10 | I27: 10 | J27: 10 | K27: 10 | L27: 70 | M27: 10 | N27: 10 | O27: 10 | P27: 70 | Q27: 10 | R27: 10 | S27: 70 | T27: 10 | U27: 10 | V27: 10 | W27: 10 | X27: 70 | Y27: 70 | Z27: 10 | AA27: 10 | AB27: 10 | AC27: 70 | AD27: 10 | AE27: 10 | AF27: 10 | AG27: 10 | AH27: 70 | AI27: 10 | AJ27: 10 | AK27: 10 | AL27: 70 | AM27: 10 | AN27: 10 | AO27: 70 | AP27: 10 | AQ27: 10 | AR27: 10 | AS27: 70 | AT27: 10 | AU27: 10 | AV27: 10 | AW27: 4.46 | AX27: B | BB27: =AW27 -> 4.46 | BC27: =IF(AW27>0,AW27,AY27) -> 4.46
A28: 10 | B28: 30 | C28: 30 | D28: 30 | E28: 30 | F28: 10 | G28: 30 | H28: 30 | I28: 30 | J28: 20 | K28: 20 | L28: 30 | M28: 20 | N28: 20 | O28: 30 | P28: 30 | Q28: 30 | R28: 30 | S28: 30 | T28: 10 | U28: 20 | V28: 20 | W28: 30 | X28: 30 | Y28: 30 | Z28: 30 | AA28: 20 | AB28: 20 | AC28: 30 | AD28: 30 | AE28: 20 | AF28: 20 | AG28: 30 | AH28: 30 | AI28: 20 | AJ28: 20 | AK28: 30 | AL28: 30 | AM28: 20 | AN28: 20 | AO28: 30 | AP28: 20 | AQ28: 20 | AR28: 30 | AS28: 30 | AT28: 20 | AU28: 20 | AV28: 30 | AW28: 4.91 | AX28: B | AY28: herdi | BB28: =AW28 -> 4.91 | BC28: =IF(AW28>0,AW28,AY28) -> 4.91
A29: 30 | B29: 20 | C29: 40 | D29: 10 | E29: 20 | F29: 30 | G29: 30 | H29: 20 | I29: 40 | J29: 15 | K29: 30 | L29: 15 | M29: 20 | N29: 20 | O29: 30 | P29: 30 | Q29: 30 | R29: 20 | S29: 30 | T29: 20 | U29: 30 | V29: 10 | W29: 30 | X29: 30 | Y29: 30 | Z29: 20 | AA29: 20 | AB29: 30 | AC29: 20 | AD29: 30 | AE29: 30 | AF29: 20 | AG29: 25 | AH29: 25 | AI29: 25 | AJ29: 25 | AK29: 25 | AL29: 25 | AM29: 25 | AN29: 25 | AO29: 20 | AP29: 40 | AQ29: 20 | AR29: 20 | AS29: 30 | AT29: 30 | AU29: 20 | AV29: 20 | AW29: 4.11 | AX29: B | BB29: =AW29 -> 4.11 | BC29: =IF(AW29>0,AW29,AY29) -> 4.11
A30: 10 | B30: 30 | C30: 30 | D30: 30 | E30: 20 | F30: 20 | G30: 20 | H30: 40 | I30: 25 | J30: 25 | K30: 25 | L30: 25 | M30: 25 | N30: 25 | O30: 25 | P30: 25 | Q30: 10 | R30: 20 | S30: 35 | T30: 35 | U30: 10 | V30: 30 | W30: 30 | X30: 30 | Y30: 20 | Z30: 40 | AA30: 20 | AB30: 20 | AC30: 25 | AD30: 25 | AE30: 25 | AF30: 25 | AG30: 25 | AH30: 25 | AI30: 25 | AJ30: 25 | AK30: 25 | AL30: 25 | AM30: 25 | AN30: 25 | AO30: 25 | AP30: 25 | AQ30: 25 | AR30: 25 | AS30: 25 | AT30: 25 | AU30: 25 | AV30: 25 | AW30: 4.25 | AX30: B | BB30: =AW30 -> 4.25 | BC30: =IF(AW30>0,AW30,AY30) -> 4.25
A31: 30 | B31: 30 | C31: 10 | D31: 30 | E31: 20 | F31: 20 | G31: 20 | H31: 40 | I31: 25 | J31: 25 | K31: 25 | L31: 25 | M31: 30 | N31: 30 | O31: 30 | P31: 10 | Q31: 10 | R31: 30 | S31: 30 | T31: 30 | U31: 10 | V31: 30 | W31: 30 | X31: 30 | Y31: 30 | Z31: 30 | AA31: 10 | AB31: 30 | AC31: 20 | AD31: 30 | AE31: 20 | AF31: 30 | AG31: 25 | AH31: 25 | AI31: 25 | AJ31: 25 | AK31: 20 | AL31: 20 | AM31: 40 | AN31: 20 | AO31: 50 | AP31: 10 | AQ31: 20 | AR31: 20 | AS31: 30 | AT31: 10 | AU31: 30 | AV31: 30 | AW31: 4.49 | AX31: B | BB31: =AW31 -> 4.49 | BC31: =IF(AW31>0,AW31,AY31) -> 4.49
A32: 20 | B32: 20 | C32: 30 | D32: 30 | E32: 20 | F32: 20 | G32: 30 | H32: 30 | I32: 20 | J32: 30 | K32: 20 | L32: 30 | M32: 20 | N32: 20 | O32: 30 | P32: 30 | Q32: 30 | R32: 30 | S32: 20 | T32: 20 | U32: 30 | V32: 30 | W32: 20 | X32: 20 | Y32: 20 | Z32: 30 | AA32: 20 | AB32: 30 | AC32: 20 | AD32: 30 | AE32: 20 | AF32: 30 | AG32: 20 | AH32: 20 | AI32: 30 | AJ32: 30 | AK32: 20 | AL32: 20 | AM32: 30 | AN32: 30 | AO32: 30 | AP32: 20 | AQ32: 20 | AR32: 30 | AS32: 30 | AT32: 20 | AU32: 20 | AV32: 30 | AW32: 4.55 | AX32: B | AY32: wulandari | BB32: =AW32 -> 4.55 | BC32: =IF(AW32>0,AW32,AY32) -> 4.55
A33: 25 | B33: 25 | C33: 25 | D33: 25 | E33: 25 | F33: 25 | G33: 25 | H33: 25 | I33: 25 | J33: 25 | K33: 25 | L33: 25 | M33: 25 | N33: 25 | O33: 25 | P33: 25 | Q33: 25 | R33: 25 | S33: 25 | T33: 25 | U33: 25 | V33: 25 | W33: 25 | X33: 25 | Y33: 25 | Z33: 25 | AA33: 25 | AB33: 25 | AC33: 25 | AD33: 25 | AE33: 25 | AF33: 25 | AG33: 25 | AH33: 25 | AI33: 25 | AJ33: 25 | AK33: 10 | AL33: 10 | AM33: 30 | AN33: 50 | AO33: 40 | AP33: 20 | AQ33: 20 | AR33: 20 | AS33: 10 | AT33: 30 | AU33: 30 | AV33: 30 | AW33: 4.15 | AX33: B | BB33: =AW33 -> 4.15 | BC33: =IF(AW33>0,AW33,AY33) -> 4.15
A34: 30 | B34: 30 | C34: 20 | D34: 20 | E34: 30 | F34: 30 | G34: 20 | H34: 20 | I34: 30 | J34: 30 | K34: 20 | L34: 20 | M34: 30 | N34: 30 | O34: 20 | P34: 20 | Q34: 30 | R34: 30 | S34: 20 | T34: 20 | U34: 30 | V34: 30 | W34: 20 | X34: 20 | Y34: 20 | Z34: 20 | AA34: 30 | AB34: 30 | AC34: 30 | AD34: 30 | AE34: 20 | AF34: 20 | AG34: 20 | AH34: 20 | AI34: 30 | AJ34: 30 | AK34: 30 | AL34: 30 | AM34: 20 | AN34: 20 | AO34: 20 | AP34: 20 | AQ34: 30 | AR34: 30 | AS34: 30 | AT34: 20 | AU34: 30 | AV34: 20 | AW34: 4.15 | AX34: B | AY34: matius edi | BB34: =AW34 -> 4.15 | BC34: =IF(AW34>0,AW34,AY34) -> 4.15
A35: 40 | B35: 20 | C35: 20 | D35: 20 | E35: 20 | F35: 20 | G35: 30 | H35: 30 | I35: 40 | J35: 20 | K35: 20 | L35: 20 | M35: 30 | N35: 20 | O35: 20 | P35: 30 | Q35: 20 | R35: 20 | S35: 10 | T35: 50 | U35: 20 | V35: 20 | W35: 30 | X35: 30 | Y35: 30 | Z35: 30 | AA35: 20 | AB35: 20 | AC35: 20 | AD35: 20 | AE35: 20 | AF35: 40 | AG35: 20 | AH35: 20 | AI35: 30 | AJ35: 30 | AK35: 10 | AL35: 20 | AM35: 30 | AN35: 40 | AO35: 20 | AP35: 10 | AQ35: 30 | AR35: 40 | AS35: 30 | AT35: 20 | AU35: 20 | AV35: 30 | AW35: 4.86 | AX35: B | BB35: =AW35 -> 4.86 | BC35: =IF(AW35>0,AW35,AY35) -> 4.86
A36: 20 | B36: 20 | C36: 30 | D36: 30 | E36: 20 | F36: 30 | G36: 30 | H36: 20 | I36: 30 | J36: 10 | K36: 30 | L36: 30 | M36: 10 | N36: 30 | O36: 30 | P36: 30 | Q36: 10 | R36: 30 | S36: 30 | T36: 30 | U36: 15 | V36: 25 | W36: 25 | X36: 35 | Y36: 10 | Z36: 30 | AA36: 30 | AB36: 30 | AC36: 25 | AD36: 25 | AE36: 25 | AF36: 25 | AG36: 25 | AH36: 25 | AI36: 25 | AJ36: 25 | AK36: 30 | AL36: 30 | AM36: 10 | AN36: 30 | AO36: 10 | AP36: 30 | AQ36: 30 | AR36: 30 | AS36: 10 | AT36: 30 | AU36: 30 | AV36: 30 | AW36: 4.15 | AX36: B | BB36: =AW36 -> 4.15 | BC36: =IF(AW36>0,AW36,AY36) -> 4.15
A37: 40 | B37: 30 | C37: 10 | D37: 20 | E37: 40 | F37: 20 | G37: 10 | H37: 30 | I37: 20 | J37: 10 | K37: 30 | L37: 40 | M37: 20 | N37: 10 | O37: 30 | P37: 40 | Q37: 10 | R37: 30 | S37: 20 | T37: 40 | U37: 10 | V37: 20 | W37: 30 | X37: 40 | Y37: 20 | Z37: 20 | AA37: 30 | AB37: 30 | AC37: 20 | AD37: 20 | AE37: 20 | AF37: 40 | AG37: 40 | AH37: 30 | AI37: 10 | AJ37: 20 | AK37: 40 | AL37: 20 | AM37: 30 | AN37: 10 | AO37: 20 | AP37: 20 | AQ37: 30 | AR37: 30 | AS37: 30 | AT37: 30 | AU37: 20 | AV37: 20 | AY37: 3.74 | AZ37: C | BB37: =AW37 -> 0 | BC37: =IF(AW37>0,AW37,AY37) -> 3.74
A38: 30 | B38: 20 | C38: 30 | D38: 20 | E38: 30 | F38: 30 | G38: 20 | H38: 20 | I38: 30 | J38: 20 | K38: 20 | L38: 30 | M38: 20 | N38: 20 | O38: 20 | P38: 40 | Q38: 30 | R38: 30 | S38: 20 | T38: 20 | U38: 30 | V38: 30 | W38: 20 | X38: 20 | Y38: 30 | Z38: 20 | AA38: 30 | AB38: 20 | AC38: 30 | AD38: 30 | AE38: 20 | AF38: 20 | AG38: 20 | AH38: 20 | AI38: 30 | AJ38: 30 | AK38: 20 | AL38: 30 | AM38: 30 | AN38: 20 | AO38: 30 | AP38: 30 | AQ38: 20 | AR38: 20 | AS38: 20 | AT38: 20 | AU38: 30 | AV38: 30 | AY38: 3.94 | AZ38: C | BB38: =AW38 -> 0 | BC38: =IF(AW38>0,AW38,AY38) -> 3.94
A39: 20 | B39: 30 | C39: 20 | D39: 30 | E39: 20 | F39: 30 | G39: 20 | H39: 30 | I39: 20 | J39: 30 | K39: 20 | L39: 30 | M39: 20 | N39: 30 | O39: 20 | P39: 30 | Q39: 30 | R39: 20 | S39: 30 | T39: 20 | U39: 20 | V39: 30 | W39: 20 | X39: 30 | Y39: 30 | Z39: 20 | AA39: 30 | AB39: 20 | AC39: 30 | AD39: 20 | AE39: 30 | AF39: 20 | AG39: 30 | AH39: 20 | AI39: 30 | AJ39: 20 | AK39: 30 | AL39: 20 | AM39: 30 | AN39: 20 | AO39: 20 | AP39: 30 | AQ39: 20 | AR39: 30 | AS39: 30 | AT39: 20 | AU39: 30 | AV39: 20 | AW39: 4.35 | AX39: B | AY39: Kandidias elnadus | BB39: =AW39 -> 4.35 | BC39: =IF(AW39>0,AW39,AY39) -> 4.35
A40: 30 | B40: 30 | C40: 20 | D40: 20 | E40: 25 | F40: 25 | G40: 25 | H40: 25 | I40: 25 | J40: 25 | K40: 25 | L40: 25 | M40: 25 | N40: 25 | O40: 25 | P40: 25 | Q40: 25 | R40: 25 | S40: 25 | T40: 25 | U40: 25 | V40: 25 | W40: 25 | X40: 25 | Y40: 25 | Z40: 25 | AA40: 25 | AB40: 25 | AC40: 25 | AD40: 25 | AE40: 25 | AF40: 25 | AG40: 25 | AH40: 25 | AI40: 25 | AJ40: 25 | AK40: 25 | AL40: 25 | AM40: 25 | AN40: 25 | AO40: 25 | AP40: 25 | AQ40: 25 | AR40: 25 | AS40: 25 | AT40: 25 | AU40: 25 | AV40: 25 | AW40: 4.8 | AX40: B | BB40: =AW40 -> 4.8 | BC40: =IF(AW40>0,AW40,AY40) -> 4.8
A41: 10 | B41: 30 | C41: 30 | D41: 30 | E41: 25 | F41: 25 | G41: 25 | H41: 25 | I41: 25 | J41: 25 | K41: 25 | L41: 25 | M41: 25 | N41: 25 | O41: 25 | P41: 25 | Q41: 25 | R41: 25 | S41: 25 | T41: 25 | U41: 25 | V41: 25 | W41: 25 | X41: 25 | Y41: 25 | Z41: 25 | AA41: 25 | AB41: 25 | AC41: 25 | AD41: 25 | AE41: 25 | AF41: 25 | AG41: 25 | AH41: 25 | AI41: 25 | AJ41: 25 | AK41: 25 | AL41: 25 | AM41: 25 | AN41: 25 | AO41: 25 | AP41: 25 | AQ41: 25 | AR41: 25 | AS41: 25 | AT41: 25 | AU41: 25 | AV41: 25 | AW41: 4.8 | AX41: B | BB41: =AW41 -> 4.8 | BC41: =IF(AW41>0,AW41,AY41) -> 4.8
A42: 40 | B42: 30 | C42: 20 | D42: 10 | E42: 40 | F42: 30 | G42: 20 | H42: 10 | I42: 40 | J42: 30 | K42: 20 | L42: 10 | M42: 40 | N42: 30 | O42: 20 | P42: 10 | Q42: 40 | R42: 30 | S42: 20 | T42: 10 | U42: 40 | V42: 30 | W42: 20 | X42: 10 | Y42: 40 | Z42: 30 | AA42: 20 | AB42: 10 | AC42: 40 | AD42: 30 | AE42: 20 | AF42: 10 | AG42: 40 | AH42: 30 | AI42: 20 | AJ42: 10 | AK42: 40 | AL42: 30 | AM42: 20 | AN42: 10 | AO42: 40 | AP42: 30 | AQ42: 20 | AR42: 10 | AS42: 40 | AT42: 30 | AU42: 20 | AV42: 10 | AW42: 4.95 | AX42: B | BB42: =AW42 -> 4.95 | BC42: =IF(AW42>0,AW42,AY42) -> 4.95
A43: 30 | B43: 30 | C43: 20 | D43: 20 | E43: 20 | F43: 20 | G43: 30 | H43: 30 | I43: 20 | J43: 20 | K43: 30 | L43: 30 | M43: 20 | N43: 20 | O43: 20 | P43: 40 | Q43: 20 | R43: 20 | S43: 30 | T43: 30 | U43: 30 | V43: 30 | W43: 20 | X43: 20 | Y43: 20 | Z43: 20 | AA43: 40 | AB43: 20 | AC43: 30 | AD43: 30 | AE43: 20 | AF43: 20 | AG43: 30 | AH43: 30 | AI43: 20 | AJ43: 20 | AK43: 20 | AL43: 20 | AM43: 20 | AN43: 40 | AO43: 30 | AP43: 30 | AQ43: 20 | AR43: 20 | AS43: 20 | AT43: 20 | AU43: 30 | AV43: 30 | AY43: 4.05 | AZ43: B | BB43: =AW43 -> 0 | BC43: =IF(AW43>0,AW43,AY43) -> 4.05
A44: 40 | B44: 20 | C44: 20 | D44: 20 | E44: 40 | F44: 20 | G44: 20 | H44: 20 | I44: 50 | J44: 30 | K44: 10 | L44: 10 | M44: 40 | N44: 20 | O44: 20 | P44: 20 | Q44: 50 | R44: 30 | S44: 10 | T44: 10 | U44: 40 | V44: 20 | W44: 20 | X44: 20 | Y44: 40 | Z44: 30 | AA44: 15 | AB44: 15 | AC44: 50 | AD44: 30 | AE44: 10 | AF44: 10 | AG44: 50 | AH44: 30 | AI44: 10 | AJ44: 10 | AK44: 50 | AL44: 30 | AM44: 10 | AN44: 10 | AO44: 50 | AP44: 30 | AQ44: 10 | AR44: 10 | AS44: 40 | AT44: 20 | AU44: 20 | AV44: 20 | AW44: 4.15 | AX44: B | BB44: =AW44 -> 4.15 | BC44: =IF(AW44>0,AW44,AY44) -> 4.15
A45: 40 | B45: 25 | C45: 25 | D45: 10 | E45: 50 | F45: 20 | G45: 10 | H45: 20 | I45: 15 | J45: 40 | K45: 30 | L45: 15 | M45: 20 | N45: 10 | O45: 30 | P45: 40 | Q45: 10 | R45: 20 | S45: 30 | T45: 40 | U45: 10 | V45: 20 | W45: 30 | X45: 40 | Y45: 40 | Z45: 30 | AA45: 20 | AB45: 10 | AC45: 15 | AD45: 25 | AE45: 35 | AF45: 25 | AG45: 20 | AH45: 30 | AI45: 10 | AJ45: 40 | AK45: 10 | AL45: 20 | AM45: 30 | AN45: 40 | AO45: 35 | AP45: 25 | AQ45: 25 | AR45: 15 | AS45: 20 | AT45: 30 | AU45: 40 | AV45: 10 | AW45: 4.86 | AX45: B | BB45: =AW45 -> 4.86 | BC45: =IF(AW45>0,AW45,AY45) -> 4.86
A46: 20 | B46: 10 | C46: 30 | D46: 40 | E46: 40 | F46: 10 | G46: 20 | H46: 30 | I46: 20 | J46: 30 | K46: 10 | L46: 40 | M46: 10 | N46: 20 | O46: 40 | P46: 30 | Q46: 30 | R46: 20 | S46: 10 | T46: 40 | U46: 20 | V46: 30 | W46: 10 | X46: 40 | Y46: 20 | Z46: 30 | AA46: 10 | AB46: 40 | AC46: 10 | AD46: 20 | AE46: 30 | AF46: 40 | AG46: 40 | AH46: 30 | AI46: 20 | AJ46: 10 | AK46: 40 | AL46: 30 | AM46: 20 | AN46: 10 | AO46: 40 | AP46: 30 | AQ46: 10 | AR46: 20 | AS46: 40 | AT46: 30 | AU46: 20 | AV46: 10 | AW46: 4.23 | AX46: B | BB46: =AW46 -> 4.23 | BC46: =IF(AW46>0,AW46,AY46) -> 4.23
A47: 10 | B47: 25 | C47: 25 | D47: 40 | E47: 15 | F47: 15 | G47: 30 | H47: 40 | I47: 20 | J47: 20 | K47: 20 | L47: 40 | M47: 25 | N47: 25 | O47: 25 | P47: 25 | Q47: 25 | R47: 25 | S47: 25 | T47: 25 | U47: 25 | V47: 25 | W47: 25 | X47: 25 | Y47: 20 | Z47: 20 | AA47: 10 | AB47: 50 | AC47: 20 | AD47: 30 | AE47: 20 | AF47: 30 | AG47: 20 | AH47: 30 | AI47: 20 | AJ47: 30 | AK47: 25 | AL47: 25 | AM47: 25 | AN47: 25 | AO47: 25 | AP47: 25 | AQ47: 25 | AR47: 25 | AS47: 25 | AT47: 25 | AU47: 25 | AV47: 25 | AW47: 4.15 | AX47: B | BB47: =AW47 -> 4.15 | BC47: =IF(AW47>0,AW47,AY47) -> 4.15
A48: 30 | B48: 30 | C48: 30 | D48: 10 | E48: 30 | F48: 30 | G48: 30 | H48: 10 | I48: 25 | J48: 25 | K48: 25 | L48: 25 | M48: 30 | N48: 30 | O48: 30 | P48: 10 | Q48: 30 | R48: 30 | S48: 30 | T48: 10 | U48: 30 | V48: 30 | W48: 30 | X48: 10 | Y48: 30 | Z48: 30 | AA48: 30 | AB48: 10 | AC48: 30 | AD48: 30 | AE48: 30 | AF48: 10 | AG48: 40 | AH48: 20 | AI48: 10 | AJ48: 30 | AK48: 30 | AL48: 30 | AM48: 30 | AN48: 10 | AO48: 40 | AP48: 30 | AQ48: 20 | AR48: 10 | AS48: 30 | AT48: 40 | AU48: 20 | AV48: 10 | AW48: 4.86 | AX48: B | BB48: =AW48 -> 4.86 | BC48: =IF(AW48>0,AW48,AY48) -> 4.86
A49: 20 | B49: 20 | C49: 30 | D49: 30 | E49: 30 | F49: 30 | G49: 20 | H49: 20 | I49: 20 | J49: 30 | K49: 30 | L49: 20 | M49: 10 | N49: 30 | O49: 30 | P49: 30 | Q49: 25 | R49: 25 | S49: 25 | T49: 25 | U49: 25 | V49: 25 | W49: 25 | X49: 25 | Y49: 25 | Z49: 25 | AA49: 25 | AB49: 25 | AC49: 25 | AD49: 25 | AE49: 25 | AF49: 25 | AG49: 25 | AH49: 25 | AI49: 25 | AJ49: 25 | AK49: 25 | AL49: 25 | AM49: 25 | AN49: 25 | AO49: 25 | AP49: 25 | AQ49: 25 | AR49: 25 | AS49: 25 | AT49: 25 | AU49: 25 | AV49: 25 | AW49: 4.26 | AX49: B | BB49: =AW49 -> 4.26 | BC49: =IF(AW49>0,AW49,AY49) -> 4.26
A50: 25 | B50: 25 | C50: 25 | D50: 25 | E50: 40 | F50: 15 | G50: 15 | H50: 30 | I50: 25 | J50: 25 | K50: 25 | L50: 25 | M50: 30 | N50: 30 | O50: 10 | P50: 30 | Q50: 25 | R50: 25 | S50: 25 | T50: 25 | U50: 10 | V50: 40 | W50: 25 | X50: 25 | Y50: 25 | Z50: 25 | AA50: 25 | AB50: 25 | AC50: 25 | AD50: 25 | AE50: 25 | AF50: 25 | AG50: 25 | AH50: 25 | AI50: 25 | AJ50: 25 | AK50: 20 | AL50: 20 | AM50: 30 | AN50: 30 | AO50: 25 | AP50: 25 | AQ50: 25 | AR50: 25 | AS50: 25 | AT50: 25 | AU50: 25 | AV50: 25 | AW50: 4.35 | AX50: B | BB50: =AW50 -> 4.35 | BC50: =IF(AW50>0,AW50,AY50) -> 4.35
A51: 30 | B51: 20 | C51: 30 | D51: 20 | E51: 30 | F51: 20 | G51: 30 | H51: 20 | I51: 30 | J51: 30 | K51: 20 | L51: 20 | M51: 30 | N51: 30 | O51: 20 | P51: 20 | Q51: 40 | R51: 20 | S51: 20 | T51: 20 | U51: 40 | V51: 20 | W51: 20 | X51: 20 | Y51: 30 | Z51: 30 | AA51: 20 | AB51: 20 | AC51: 30 | AD51: 30 | AE51: 20 | AF51: 20 | AG51: 30 | AH51: 30 | AI51: 20 | AJ51: 20 | AK51: 30 | AL51: 30 | AM51: 20 | AN51: 20 | AO51: 30 | AP51: 30 | AQ51: 20 | AR51: 20 | AS51: 30 | AT51: 30 | AU51: 20 | AV51: 20 | AW51: 4.55 | AX51: B | BB51: =AW51 -> 4.55 | BC51: =IF(AW51>0,AW51,AY51) -> 4.55
A52: 10 | B52: 10 | C52: 10 | D52: 70 | E52: 10 | F52: 10 | G52: 10 | H52: 70 | I52: 10 | J52: 10 | K52: 10 | L52: 70 | M52: 70 | N52: 10 | O52: 10 | P52: 10 | Q52: 10 | R52: 10 | S52: 70 | T52: 10 | U52: 10 | V52: 30 | W52: 30 | X52: 30 | Y52: 10 | Z52: 10 | AA52: 10 | AB52: 70 | AC52: 10 | AD52: 70 | AE52: 10 | AF52: 10 | AG52: 10 | AH52: 10 | AI52: 70 | AJ52: 10 | AK52: 10 | AL52: 70 | AM52: 10 | AN52: 10 | AO52: 70 | AP52: 10 | AQ52: 10 | AR52: 10 | AS52: 70 | AT52: 10 | AU52: 10 | AV52: 10 | AW52: 4.32 | AX52: B | BB52: =AW52 -> 4.32 | BC52: =IF(AW52>0,AW52,AY52) -> 4.32
A53: 30 | B53: 20 | C53: 20 | D53: 30 | E53: 30 | F53: 20 | G53: 20 | H53: 30 | I53: 40 | J53: 20 | K53: 10 | L53: 30 | M53: 20 | N53: 20 | O53: 20 | P53: 40 | Q53: 20 | R53: 20 | S53: 20 | T53: 40 | U53: 30 | V53: 30 | W53: 20 | X53: 20 | Y53: 20 | Z53: 30 | AA53: 30 | AB53: 20 | AC53: 20 | AD53: 20 | AE53: 30 | AF53: 30 | AG53: 40 | AH53: 10 | AI53: 40 | AJ53: 10 | AK53: 20 | AL53: 20 | AM53: 20 | AN53: 40 | AO53: 20 | AP53: 30 | AQ53: 10 | AR53: 40 | AS53: 30 | AT53: 20 | AU53: 20 | AV53: 30 | AW53: 4.55 | AX53: B | BB53: =AW53 -> 4.55 | BC53: =IF(AW53>0,AW53,AY53) -> 4.55
A54: 30 | B54: 20 | C54: 20 | D54: 30 | E54: 20 | F54: 30 | G54: 20 | H54: 30 | I54: 20 | J54: 30 | K54: 20 | L54: 30 | M54: 20 | N54: 30 | O54: 20 | P54: 30 | Q54: 20 | R54: 30 | S54: 20 | T54: 30 | U54: 20 | V54: 30 | W54: 20 | X54: 30 | Y54: 20 | Z54: 30 | AA54: 20 | AB54: 30 | AC54: 20 | AD54: 30 | AE54: 20 | AF54: 30 | AG54: 20 | AH54: 30 | AI54: 20 | AJ54: 30 | AK54: 20 | AL54: 30 | AM54: 20 | AN54: 30 | AO54: 20 | AP54: 30 | AQ54: 20 | AR54: 30 | AS54: 30 | AT54: 20 | AU54: 30 | AV54: 20 | AW54: 4.15 | AX54: B | BB54: =AW54 -> 4.15 | BC54: =IF(AW54>0,AW54,AY54) -> 4.15
A55: 25 | B55: 25 | C55: 25 | D55: 25 | E55: 25 | F55: 25 | G55: 25 | H55: 25 | I55: 25 | J55: 25 | K55: 25 | L55: 25 | M55: 25 | N55: 25 | O55: 25 | P55: 25 | Q55: 25 | R55: 25 | S55: 25 | T55: 25 | U55: 25 | V55: 25 | W55: 25 | X55: 25 | Y55: 25 | Z55: 25 | AA55: 25 | AB55: 25 | AC55: 25 | AD55: 25 | AE55: 25 | AF55: 25 | AG55: 25 | AH55: 25 | AI55: 25 | AJ55: 25 | AK55: 25 | AL55: 25 | AM55: 25 | AN55: 25 | AO55: 25 | AP55: 25 | AQ55: 25 | AR55: 25 | AS55: 25 | AT55: 25 | AU55: 25 | AV55: 25 | AW55: 4.8 | AX55: B | BB55: =AW55 -> 4.8 | BC55: =IF(AW55>0,AW55,AY55) -> 4.8
A56: 25 | B56: 25 | C56: 25 | D56: 25 | E56: 25 | F56: 25 | G56: 25 | H56: 25 | I56: 25 | J56: 25 | K56: 25 | L56: 25 | M56: 25 | N56: 25 | O56: 25 | P56: 25 | Q56: 25 | R56: 25 | S56: 25 | T56: 25 | U56: 25 | V56: 25 | W56: 25 | X56: 25 | Y56: 25 | Z56: 25 | AA56: 25 | AB56: 25 | AC56: 25 | AD56: 25 | AE56: 25 | AF56: 25 | AG56: 25 | AH56: 25 | AI56: 25 | AJ56: 25 | AK56: 25 | AL56: 25 | AM56: 25 | AN56: 25 | AO56: 25 | AP56: 25 | AQ56: 25 | AR56: 25 | AS56: 25 | AT56: 25 | AU56: 25 | AV56: 25 | AW56: 3.64 | AX56: C | AY56: 4.1 | AZ56: B | BB56: =AW56 -> 3.64 | BC56: =IF(AW56>0,AW56,AY56) -> 3.64
A57: 25 | B57: 25 | C57: 25 | D57: 25 | E57: 25 | F57: 25 | G57: 25 | H57: 25 | I57: 30 | J57: 30 | K57: 10 | L57: 30 | M57: 20 | N57: 40 | O57: 20 | P57: 20 | Q57: 25 | R57: 25 | S57: 25 | T57: 25 | U57: 20 | V57: 40 | W57: 20 | X57: 20 | Y57: 25 | Z57: 25 | AA57: 25 | AB57: 25 | AC57: 25 | AD57: 15 | AE57: 25 | AF57: 35 | AG57: 25 | AH57: 25 | AI57: 25 | AJ57: 25 | AK57: 25 | AL57: 25 | AM57: 25 | AN57: 25 | AO57: 25 | AP57: 25 | AQ57: 25 | AR57: 25 | AS57: 30 | AT57: 10 | AU57: 30 | AV57: 30 | AW57: 4.15 | AX57: B | AY57: Robby | BB57: =AW57 -> 4.15 | BC57: =IF(AW57>0,AW57,AY57) -> 4.15
A58: 50 | B58: 10 | C58: 20 | D58: 20 | E58: 70 | F58: 10 | G58: 10 | H58: 10 | I58: 30 | J58: 30 | K58: 10 | L58: 30 | M58: 30 | N58: 30 | O58: 10 | P58: 30 | Q58: 30 | R58: 30 | S58: 10 | T58: 30 | U58: 30 | V58: 30 | W58: 10 | X58: 30 | Y58: 30 | Z58: 30 | AA58: 10 | AB58: 30 | AC58: 30 | AD58: 30 | AE58: 10 | AF58: 30 | AG58: 20 | AH58: 20 | AI58: 20 | AJ58: 40 | AK58: 20 | AL58: 20 | AM58: 20 | AN58: 40 | AO58: 30 | AP58: 20 | AQ58: 20 | AR58: 30 | AS58: 30 | AT58: 20 | AU58: 20 | AV58: 30 | AW58: 4.43 | AX58: B | BB58: =AW58 -> 4.43 | BC58: =IF(AW58>0,AW58,AY58) -> 4.43
A59: 25 | B59: 25 | C59: 25 | D59: 25 | E59: 25 | F59: 25 | G59: 25 | H59: 25 | I59: 25 | J59: 25 | K59: 25 | L59: 25 | M59: 25 | N59: 25 | O59: 25 | P59: 25 | Q59: 25 | R59: 25 | S59: 25 | T59: 25 | U59: 25 | V59: 25 | W59: 25 | X59: 25 | Y59: 25 | Z59: 25 | AA59: 25 | AB59: 25 | AC59: 25 | AD59: 25 | AE59: 25 | AF59: 25 | AG59: 25 | AH59: 25 | AI59: 25 | AJ59: 25 | AK59: 25 | AL59: 25 | AM59: 25 | AN59: 25 | AO59: 25 | AP59: 25 | AQ59: 25 | AR59: 25 | AS59: 25 | AT59: 25 | AU59: 25 | AV59: 25 | AW59: 4.65 | AX59: B | BB59: =AW59 -> 4.65 | BC59: =IF(AW59>0,AW59,AY59) -> 4.65
A60: 20 | B60: 30 | C60: 30 | D60: 20 | E60: 20 | F60: 20 | G60: 20 | H60: 40 | I60: 25 | J60: 25 | K60: 25 | L60: 25 | M60: 25 | N60: 25 | O60: 25 | P60: 25 | Q60: 25 | R60: 25 | S60: 25 | T60: 25 | U60: 25 | V60: 25 | W60: 25 | X60: 25 | Y60: 25 | Z60: 25 | AA60: 25 | AB60: 25 | AC60: 25 | AD60: 25 | AE60: 25 | AF60: 25 | AG60: 25 | AH60: 25 | AI60: 25 | AJ60: 25 | AK60: 25 | AL60: 25 | AM60: 25 | AN60: 25 | AO60: 25 | AP60: 25 | AQ60: 25 | AR60: 25 | AS60: 25 | AT60: 25 | AU60: 25 | AV60: 25 | AW60: 4.8 | AX60: B | BB60: =AW60 -> 4.8 | BC60: =IF(AW60>0,AW60,AY60) -> 4.8
A61: 50 | B61: 30 | C61: 10 | D61: 10 | E61: 10 | F61: 10 | G61: 40 | H61: 40 | I61: 40 | J61: 40 | K61: 10 | L61: 10 | M61: 40 | N61: 10 | O61: 10 | P61: 40 | Q61: 20 | R61: 10 | S61: 10 | T61: 60 | U61: 20 | V61: 20 | W61: 30 | X61: 30 | Y61: 60 | Z61: 10 | AA61: 10 | AB61: 20 | AC61: 20 | AD61: 10 | AE61: 20 | AF61: 50 | AG61: 30 | AH61: 20 | AI61: 40 | AJ61: 10 | AK61: 10 | AL61: 30 | AM61: 40 | AN61: 20 | AO61: 40 | AP61: 20 | AQ61: 20 | AR61: 20 | AS61: 40 | AT61: 20 | AU61: 20 | AV61: 20 | AW61: 4.29 | AX61: B | AY61: 4.54 | AZ61: B | BB61: =AW61 -> 4.29 | BC61: =IF(AW61>0,AW61,AY61) -> 4.29
A62: 70 | B62: 10 | C62: 10 | D62: 10 | E62: 60 | F62: 10 | G62: 10 | H62: 20 | I62: 60 | J62: 10 | K62: 10 | L62: 20 | M62: 50 | N62: 10 | O62: 30 | P62: 10 | Q62: 10 | R62: 10 | S62: 10 | T62: 70 | U62: 10 | V62: 10 | W62: 40 | X62: 40 | Y62: 10 | Z62: 50 | AA62: 30 | AB62: 10 | AC62: 10 | AD62: 40 | AE62: 40 | AF62: 10 | AG62: 20 | AH62: 10 | AI62: 10 | AJ62: 60 | AK62: 45 | AL62: 10 | AM62: 10 | AN62: 35 | AO62: 70 | AP62: 10 | AQ62: 10 | AR62: 10 | AS62: 70 | AT62: 10 | AU62: 10 | AV62: 10 | AY62: 4.54 | AZ62: B | BB62: =AW62 -> 0 | BC62: =IF(AW62>0,AW62,AY62) -> 4.54
A63: 30 | B63: 30 | C63: 10 | D63: 30 | E63: 10 | F63: 30 | G63: 30 | H63: 30 | I63: 30 | J63: 30 | K63: 30 | L63: 10 | M63: 20 | N63: 10 | O63: 50 | P63: 20 | Q63: 10 | R63: 30 | S63: 30 | T63: 30 | U63: 25 | V63: 15 | W63: 35 | X63: 25 | Y63: 10 | Z63: 30 | AA63: 30 | AB63: 30 | AC63: 20 | AD63: 30 | AE63: 30 | AF63: 20 | AG63: 20 | AH63: 30 | AI63: 30 | AJ63: 20 | AK63: 20 | AL63: 20 | AM63: 20 | AN63: 40 | AO63: 30 | AP63: 20 | AQ63: 30 | AR63: 20 | AS63: 15 | AT63: 25 | AU63: 35 | AV63: 25 | AW63: 4.93 | AX63: B | BB63: =AW63 -> 4.93 | BC63: =IF(AW63>0,AW63,AY63) -> 4.93
A64: 10 | B64: 20 | C64: 50 | D64: 20 | E64: 20 | F64: 20 | G64: 30 | H64: 30 | I64: 20 | J64: 30 | K64: 30 | L64: 20 | M64: 30 | N64: 30 | O64: 20 | P64: 20 | Q64: 30 | R64: 30 | S64: 20 | T64: 20 | U64: 30 | V64: 20 | W64: 20 | X64: 30 | Y64: 30 | Z64: 20 | AA64: 20 | AB64: 30 | AC64: 20 | AD64: 20 | AE64: 30 | AF64: 30 | AG64: 30 | AH64: 20 | AI64: 20 | AJ64: 30 | AK64: 20 | AL64: 20 | AM64: 30 | AN64: 30 | AO64: 30 | AP64: 20 | AQ64: 20 | AR64: 30 | AS64: 30 | AT64: 20 | AU64: 20 | AV64: 30 | AW64: 4.46 | AX64: B | BB64: =AW64 -> 4.46 | BC64: =IF(AW64>0,AW64,AY64) -> 4.46
A65: 20 | B65: 20 | C65: 30 | D65: 30 | E65: 20 | F65: 10 | G65: 40 | H65: 30 | I65: 30 | J65: 30 | K65: 20 | L65: 20 | M65: 20 | N65: 30 | O65: 20 | P65: 30 | Q65: 10 | R65: 20 | S65: 40 | T65: 30 | U65: 20 | V65: 30 | W65: 30 | X65: 20 | Y65: 30 | Z65: 30 | AA65: 20 | AB65: 20 | AC65: 20 | AD65: 20 | AE65: 30 | AF65: 30 | AG65: 30 | AH65: 20 | AI65: 30 | AJ65: 20 | AK65: 30 | AL65: 20 | AM65: 30 | AN65: 20 | AO65: 30 | AP65: 20 | AQ65: 20 | AR65: 30 | AS65: 30 | AT65: 20 | AU65: 30 | AV65: 20 | AW65: 4.85 | AX65: B | AY65: dr. Dahlan | BB65: =AW65 -> 4.85 | BC65: =IF(AW65>0,AW65,AY65) -> 4.85
A66: 30 | B66: 20 | C66: 20 | D66: 30 | E66: 20 | F66: 20 | G66: 20 | H66: 40 | I66: 30 | J66: 20 | K66: 20 | L66: 30 | M66: 20 | N66: 20 | O66: 20 | P66: 40 | Q66: 20 | R66: 20 | S66: 20 | T66: 40 | U66: 30 | V66: 30 | W66: 10 | X66: 30 | Y66: 40 | Z66: 30 | AA66: 10 | AB66: 20 | AC66: 20 | AD66: 20 | AE66: 40 | AF66: 20 | AG66: 30 | AH66: 20 | AI66: 20 | AJ66: 30 | AK66: 20 | AL66: 20 | AM66: 30 | AN66: 30 | AO66: 40 | AP66: 30 | AQ66: 10 | AR66: 20 | AS66: 30 | AT66: 30 | AU66: 20 | AV66: 20 | AW66: 4.35 | AX66: B | BB66: =AW66 -> 4.35 | BC66: =IF(AW66>0,AW66,AY66) -> 4.35
A67: 40 | B67: 10 | C67: 20 | D67: 30 | E67: 35 | F67: 15 | G67: 25 | H67: 25 | I67: 20 | J67: 30 | K67: 20 | L67: 30 | M67: 25 | N67: 25 | O67: 25 | P67: 25 | Q67: 10 | R67: 20 | S67: 20 | T67: 50 | U67: 15 | V67: 25 | W67: 15 | X67: 45 | Y67: 40 | Z67: 30 | AA67: 20 | AB67: 10 | AC67: 20 | AD67: 20 | AE67: 40 | AF67: 20 | AG67: 20 | AH67: 40 | AI67: 20 | AJ67: 20 | AK67: 25 | AL67: 25 | AM67: 25 | AN67: 25 | AO67: 50 | AP67: 30 | AQ67: 10 | AR67: 10 | AS67: 10 | AT67: 10 | AU67: 40 | AV67: 40 | AW67: 4.49 | AX67: B | BB67: =AW67 -> 4.49 | BC67: =IF(AW67>0,AW67,AY67) -> 4.49
A68: 40 | B68: 20 | C68: 20 | D68: 20 | E68: 35 | F68: 15 | G68: 25 | H68: 25 | I68: 30 | J68: 30 | K68: 10 | L68: 30 | M68: 20 | N68: 20 | O68: 20 | P68: 40 | Q68: 10 | R68: 30 | S68: 30 | T68: 30 | U68: 20 | V68: 20 | W68: 20 | X68: 40 | Y68: 30 | Z68: 30 | AA68: 10 | AB68: 30 | AC68: 30 | AD68: 40 | AE68: 10 | AF68: 20 | AG68: 25 | AH68: 25 | AI68: 25 | AJ68: 25 | AK68: 25 | AL68: 25 | AM68: 25 | AN68: 25 | AO68: 20 | AP68: 20 | AQ68: 20 | AR68: 40 | AS68: 40 | AT68: 20 | AU68: 20 | AV68: 20 | AW68: 5.67 | AX68: A | BB68: =AW68 -> 5.67 | BC68: =IF(AW68>0,AW68,AY68) -> 5.67
A69: 30 | B69: 20 | C69: 20 | D69: 30 | E69: 30 | F69: 20 | G69: 20 | H69: 30 | I69: 30 | J69: 20 | K69: 20 | L69: 30 | M69: 30 | N69: 20 | O69: 20 | P69: 30 | Q69: 20 | R69: 30 | S69: 20 | T69: 30 | U69: 20 | V69: 30 | W69: 20 | X69: 30 | Y69: 30 | Z69: 20 | AA69: 20 | AB69: 30 | AC69: 30 | AD69: 20 | AE69: 20 | AF69: 30 | AG69: 20 | AH69: 30 | AI69: 20 | AJ69: 30 | AK69: 20 | AL69: 30 | AM69: 20 | AN69: 30 | AO69: 30 | AP69: 30 | AQ69: 20 | AR69: 20 | AS69: 30 | AT69: 30 | AU69: 20 | AV69: 20 | AW69: 4.25 | AX69: B | BB69: =AW69 -> 4.25 | BC69: =IF(AW69>0,AW69,AY69) -> 4.25
A70: 30 | B70: 30 | C70: 20 | D70: 20 | E70: 40 | F70: 20 | G70: 20 | H70: 20 | I70: 30 | J70: 30 | K70: 15 | L70: 25 | M70: 30 | N70: 30 | O70: 20 | P70: 20 | Q70: 30 | R70: 30 | S70: 20 | T70: 20 | U70: 30 | V70: 30 | W70: 20 | X70: 20 | Y70: 30 | Z70: 30 | AA70: 20 | AB70: 20 | AC70: 30 | AD70: 30 | AE70: 20 | AF70: 20 | AG70: 30 | AH70: 30 | AI70: 20 | AJ70: 20 | AK70: 30 | AL70: 30 | AM70: 20 | AN70: 20 | AO70: 30 | AP70: 30 | AQ70: 20 | AR70: 20 | AS70: 30 | AT70: 30 | AU70: 20 | AV70: 20 | AY70: 3.91 | AZ70: C | BB70: =AW70 -> 0 | BC70: =IF(AW70>0,AW70,AY70) -> 3.91
A71: 70 | B71: 10 | C71: 10 | D71: 10 | E71: 70 | F71: 10 | G71: 10 | H71: 10 | I71: 70 | J71: 10 | K71: 10 | L71: 10 | M71: 70 | N71: 10 | O71: 10 | P71: 10 | Q71: 60 | R71: 10 | S71: 10 | T71: 20 | U71: 70 | V71: 10 | W71: 10 | X71: 10 | Y71: 70 | Z71: 10 | AA71: 10 | AB71: 10 | AC71: 70 | AD71: 10 | AE71: 10 | AF71: 10 | AG71: 70 | AH71: 10 | AI71: 10 | AJ71: 10 | AK71: 70 | AL71: 10 | AM71: 10 | AN71: 10 | AO71: 70 | AP71: 10 | AQ71: 10 | AR71: 10 | AS71: 70 | AT71: 10 | AU71: 10 | AV71: 10 | AW71: 3.94 | AX71: C | AY71: 4.15 | AZ71: B | BB71: =AW71 -> 3.94 | BC71: =IF(AW71>0,AW71,AY71) -> 3.94
A72: 20 | B72: 30 | C72: 30 | D72: 20 | E72: 20 | F72: 30 | G72: 30 | H72: 20 | I72: 20 | J72: 30 | K72: 20 | L72: 30 | M72: 20 | N72: 30 | O72: 30 | P72: 20 | Q72: 20 | R72: 20 | S72: 10 | T72: 50 | U72: 20 | V72: 20 | W72: 10 | X72: 50 | Y72: 70 | Z72: 10 | AA72: 10 | AB72: 10 | AC72: 70 | AD72: 10 | AE72: 10 | AF72: 10 | AG72: 50 | AH72: 20 | AI72: 10 | AJ72: 20 | AK72: 50 | AL72: 20 | AM72: 10 | AN72: 20 | AO72: 20 | AP72: 20 | AQ72: 20 | AR72: 40 | AS72: 20 | AT72: 20 | AU72: 20 | AV72: 40 | AY72: 4.14 | AZ72: B | BB72: =AW72 -> 0 | BC72: =IF(AW72>0,AW72,AY72) -> 4.14
A73: 30 | B73: 20 | C73: 30 | D73: 20 | E73: 40 | F73: 20 | G73: 30 | H73: 10 | I73: 20 | J73: 20 | K73: 20 | L73: 40 | M73: 20 | N73: 20 | O73: 20 | P73: 40 | Q73: 40 | R73: 20 | S73: 20 | T73: 20 | U73: 20 | V73: 20 | W73: 20 | X73: 40 | Y73: 40 | Z73: 20 | AA73: 20 | AB73: 20 | AC73: 20 | AD73: 20 | AE73: 20 | AF73: 40 | AG73: 35 | AH73: 20 | AI73: 35 | AJ73: 10 | AK73: 25 | AL73: 25 | AM73: 15 | AN73: 35 | AO73: 20 | AP73: 20 | AQ73: 40 | AR73: 20 | AS73: 20 | AT73: 20 | AU73: 20 | AV73: 40 | AW73: 4.35 | AX73: B | BB73: =AW73 -> 4.35 | BC73: =IF(AW73>0,AW73,AY73) -> 4.35
A74: 20 | B74: 60 | C74: 10 | D74: 10 | E74: 60 | F74: 10 | G74: 10 | H74: 20 | I74: 70 | J74: 10 | K74: 10 | L74: 10 | M74: 10 | N74: 20 | O74: 60 | P74: 10 | Q74: 10 | R74: 10 | S74: 10 | T74: 70 | U74: 40 | V74: 20 | W74: 10 | X74: 30 | Y74: 70 | Z74: 10 | AA74: 10 | AB74: 10 | AC74: 70 | AD74: 10 | AE74: 10 | AF74: 10 | AG74: 10 | AH74: 10 | AI74: 10 | AJ74: 70 | AK74: 10 | AL74: 10 | AM74: 10 | AN74: 70 | AO74: 70 | AP74: 10 | AQ74: 10 | AR74: 10 | AS74: 20 | AT74: 20 | AU74: 20 | AV74: 40 | AW74: 4.45 | AX74: B | BB74: =AW74 -> 4.45 | BC74: =IF(AW74>0,AW74,AY74) -> 4.45
A75: 40 | B75: 20 | C75: 20 | D75: 20 | E75: 40 | F75: 30 | G75: 15 | H75: 15 | I75: 30 | J75: 30 | K75: 20 | L75: 20 | M75: 30 | N75: 30 | O75: 20 | P75: 20 | Q75: 30 | R75: 30 | S75: 20 | T75: 20 | U75: 30 | V75: 30 | W75: 20 | X75: 20 | Y75: 30 | Z75: 30 | AA75: 20 | AB75: 20 | AC75: 30 | AD75: 30 | AE75: 20 | AF75: 20 | AG75: 30 | AH75: 30 | AI75: 20 | AJ75: 20 | AK75: 30 | AL75: 30 | AM75: 20 | AN75: 20 | AO75: 30 | AP75: 30 | AQ75: 20 | AR75: 20 | AS75: 30 | AT75: 30 | AU75: 20 | AV75: 20 | AW75: 4.4 | AX75: B | BB75: =AW75 -> 4.4 | BC75: =IF(AW75>0,AW75,AY75) -> 4.4
A76: 40 | B76: 20 | C76: 20 | D76: 20 | E76: 25 | F76: 25 | G76: 25 | H76: 25 | I76: 25 | J76: 25 | K76: 25 | L76: 25 | M76: 20 | N76: 20 | O76: 30 | P76: 30 | Q76: 25 | R76: 25 | S76: 25 | T76: 25 | U76: 25 | V76: 25 | W76: 25 | X76: 25 | Y76: 25 | Z76: 25 | AA76: 25 | AB76: 25 | AC76: 20 | AD76: 30 | AE76: 30 | AF76: 20 | AG76: 30 | AH76: 20 | AI76: 30 | AJ76: 20 | AK76: 20 | AL76: 20 | AM76: 20 | AN76: 40 | AO76: 25 | AP76: 25 | AQ76: 25 | AR76: 25 | AS76: 25 | AT76: 25 | AU76: 25 | AV76: 25 | AW76: 4.05 | AX76: B | AY76: 4.55 | AZ76: B | BB76: =AW76 -> 4.05 | BC76: =IF(AW76>0,AW76,AY76) -> 4.05
A77: 40 | B77: 30 | C77: 15 | D77: 15 | E77: 25 | F77: 25 | G77: 25 | H77: 25 | I77: 40 | J77: 20 | K77: 20 | L77: 20 | M77: 25 | N77: 25 | O77: 25 | P77: 25 | Q77: 25 | R77: 25 | S77: 25 | T77: 25 | U77: 25 | V77: 25 | W77: 25 | X77: 25 | Y77: 10 | Z77: 30 | AA77: 30 | AB77: 30 | AC77: 25 | AD77: 25 | AE77: 25 | AF77: 25 | AG77: 25 | AH77: 25 | AI77: 25 | AJ77: 25 | AK77: 25 | AL77: 25 | AM77: 25 | AN77: 25 | AO77: 25 | AP77: 25 | AQ77: 25 | AR77: 25 | AS77: 25 | AT77: 25 | AU77: 25 | AV77: 25 | AW77: 4.25 | AX77: B | BB77: =AW77 -> 4.25 | BC77: =IF(AW77>0,AW77,AY77) -> 4.25
A78: 30 | B78: 10 | C78: 30 | D78: 30 | E78: 30 | F78: 10 | G78: 30 | H78: 30 | I78: 35 | J78: 15 | K78: 15 | L78: 35 | M78: 30 | N78: 20 | O78: 20 | P78: 30 | Q78: 20 | R78: 20 | S78: 30 | T78: 30 | U78: 20 | V78: 20 | W78: 30 | X78: 30 | Y78: 30 | Z78: 30 | AA78: 10 | AB78: 30 | AC78: 30 | AD78: 10 | AE78: 30 | AF78: 30 | AG78: 30 | AH78: 30 | AI78: 20 | AJ78: 20 | AK78: 30 | AL78: 30 | AM78: 20 | AN78: 20 | AO78: 40 | AP78: 20 | AQ78: 20 | AR78: 20 | AS78: 40 | AT78: 20 | AU78: 20 | AV78: 20 | AW78: 4.25 | AX78: B | BB78: =AW78 -> 4.25 | BC78: =IF(AW78>0,AW78,AY78) -> 4.25
A79: 30 | B79: 30 | C79: 20 | D79: 20 | E79: 30 | F79: 20 | G79: 30 | H79: 20 | I79: 30 | J79: 20 | K79: 30 | L79: 20 | M79: 30 | N79: 30 | O79: 20 | P79: 20 | Q79: 20 | R79: 30 | S79: 30 | T79: 20 | U79: 20 | V79: 30 | W79: 30 | X79: 20 | Y79: 30 | Z79: 20 | AA79: 20 | AB79: 30 | AC79: 30 | AD79: 20 | AE79: 20 | AF79: 30 | AG79: 30 | AH79: 30 | AI79: 20 | AJ79: 20 | AK79: 30 | AL79: 20 | AM79: 30 | AN79: 20 | AO79: 30 | AP79: 20 | AQ79: 30 | AR79: 20 | AS79: 30 | AT79: 20 | AU79: 30 | AV79: 20 | AW79: 4.06 | AX79: B | AY79: eko poli | BB79: =AW79 -> 4.06 | BC79: =IF(AW79>0,AW79,AY79) -> 4.06
A80: 10 | B80: 30 | C80: 30 | D80: 30 | E80: 25 | F80: 25 | G80: 25 | H80: 25 | I80: 25 | J80: 25 | K80: 25 | L80: 25 | M80: 25 | N80: 25 | O80: 25 | P80: 25 | Q80: 25 | R80: 25 | S80: 25 | T80: 25 | U80: 25 | V80: 25 | W80: 25 | X80: 25 | Y80: 25 | Z80: 25 | AA80: 25 | AB80: 25 | AC80: 25 | AD80: 25 | AE80: 25 | AF80: 25 | AG80: 25 | AH80: 25 | AI80: 25 | AJ80: 25 | AK80: 25 | AL80: 25 | AM80: 25 | AN80: 25 | AO80: 25 | AP80: 25 | AQ80: 25 | AR80: 25 | AS80: 25 | AT80: 25 | AU80: 25 | AV80: 25 | AW80: 3.94 | AX80: C | AY80: 4.35 | AZ80: B | BB80: =AW80 -> 3.94 | BC80: =IF(AW80>0,AW80,AY80) -> 3.94
A81: 40 | B81: 20 | C81: 20 | D81: 20 | E81: 40 | F81: 30 | G81: 20 | H81: 10 | I81: 40 | J81: 20 | K81: 20 | L81: 20 | M81: 30 | N81: 30 | O81: 20 | P81: 20 | Q81: 20 | R81: 20 | S81: 20 | T81: 40 | U81: 20 | V81: 20 | W81: 20 | X81: 40 | Y81: 35 | Z81: 25 | AA81: 25 | AB81: 15 | AC81: 30 | AD81: 30 | AE81: 20 | AF81: 20 | AG81: 20 | AH81: 40 | AI81: 20 | AJ81: 20 | AK81: 20 | AL81: 40 | AM81: 20 | AN81: 20 | AO81: 40 | AP81: 30 | AQ81: 20 | AR81: 10 | AS81: 30 | AT81: 20 | AU81: 40 | AV81: 10 | AW81: 3.74 | AX81: C | AY81: 4.12 | AZ81: B | BB81: =AW81 -> 3.74 | BC81: =IF(AW81>0,AW81,AY81) -> 3.74
A82: 30 | B82: 20 | C82: 20 | D82: 30 | E82: 20 | F82: 20 | G82: 30 | H82: 30 | I82: 30 | J82: 30 | K82: 10 | L82: 30 | M82: 20 | N82: 20 | O82: 40 | P82: 20 | Q82: 20 | R82: 30 | S82: 20 | T82: 30 | U82: 20 | V82: 20 | W82: 30 | X82: 30 | Y82: 30 | Z82: 30 | AA82: 20 | AB82: 20 | AC82: 30 | AD82: 30 | AE82: 20 | AF82: 20 | AG82: 30 | AH82: 20 | AI82: 30 | AJ82: 20 | AK82: 20 | AL82: 20 | AM82: 30 | AN82: 30 | AO82: 40 | AP82: 20 | AQ82: 20 | AR82: 20 | AS82: 30 | AT82: 20 | AU82: 20 | AV82: 30 | AW82: 4.65 | AX82: B | BB82: =AW82 -> 4.65 | BC82: =IF(AW82>0,AW82,AY82) -> 4.65
A83: 40 | B83: 30 | C83: 10 | D83: 20 | E83: 20 | F83: 10 | G83: 35 | H83: 35 | I83: 40 | J83: 15 | K83: 15 | L83: 30 | M83: 35 | N83: 20 | O83: 35 | P83: 10 | Q83: 20 | R83: 20 | S83: 10 | T83: 50 | U83: 40 | V83: 15 | W83: 30 | X83: 15 | Y83: 50 | Z83: 20 | AA83: 10 | AB83: 20 | AC83: 10 | AD83: 30 | AE83: 30 | AF83: 30 | AG83: 40 | AH83: 20 | AI83: 20 | AJ83: 20 | AK83: 20 | AL83: 20 | AM83: 30 | AN83: 30 | AO83: 40 | AP83: 20 | AQ83: 20 | AR83: 20 | AS83: 50 | AT83: 30 | AU83: 10 | AV83: 10 | AW83: 4.15 | AX83: B | BB83: =AW83 -> 4.15 | BC83: =IF(AW83>0,AW83,AY83) -> 4.15
A84: 35 | B84: 35 | C84: 15 | D84: 15 | E84: 10 | F84: 10 | G84: 70 | H84: 10 | I84: 25 | J84: 25 | K84: 25 | L84: 25 | M84: 40 | N84: 20 | O84: 20 | P84: 20 | Q84: 25 | R84: 25 | S84: 25 | T84: 25 | U84: 25 | V84: 25 | W84: 25 | X84: 25 | Y84: 25 | Z84: 25 | AA84: 25 | AB84: 25 | AC84: 20 | AD84: 20 | AE84: 40 | AF84: 20 | AG84: 25 | AH84: 25 | AI84: 35 | AJ84: 15 | AK84: 30 | AL84: 30 | AM84: 30 | AN84: 10 | AO84: 30 | AP84: 30 | AQ84: 10 | AR84: 30 | AS84: 25 | AT84: 25 | AU84: 25 | AV84: 25 | AW84: 3.98 | AX84: C | AY84: 4.11 | AZ84: B | BB84: =AW84 -> 3.98 | BC84: =IF(AW84>0,AW84,AY84) -> 3.98
A85: 40 | B85: 10 | C85: 20 | D85: 30 | E85: 40 | F85: 25 | G85: 25 | H85: 10 | I85: 50 | J85: 20 | K85: 20 | L85: 10 | M85: 40 | N85: 40 | O85: 10 | P85: 10 | Q85: 70 | R85: 10 | S85: 10 | T85: 10 | U85: 70 | V85: 10 | W85: 10 | X85: 10 | Y85: 60 | Z85: 10 | AA85: 10 | AB85: 20 | AC85: 70 | AD85: 10 | AE85: 10 | AF85: 10 | AG85: 50 | AH85: 30 | AI85: 10 | AJ85: 10 | AK85: 50 | AL85: 20 | AM85: 20 | AN85: 10 | AO85: 70 | AP85: 10 | AQ85: 10 | AR85: 10 | AS85: 70 | AT85: 10 | AU85: 10 | AV85: 10 | AW85: 4.32 | AX85: B | BB85: =AW85 -> 4.32 | BC85: =IF(AW85>0,AW85,AY85) -> 4.32
A86: 35 | B86: 35 | C86: 15 | D86: 15 | E86: 25 | F86: 25 | G86: 25 | H86: 25 | I86: 25 | J86: 25 | K86: 25 | L86: 25 | M86: 25 | N86: 25 | O86: 25 | P86: 25 | Q86: 20 | R86: 20 | S86: 40 | T86: 20 | U86: 25 | V86: 25 | W86: 25 | X86: 25 | Y86: 40 | Z86: 20 | AA86: 20 | AB86: 20 | AC86: 30 | AD86: 30 | AE86: 30 | AF86: 10 | AG86: 25 | AH86: 25 | AI86: 25 | AJ86: 25 | AK86: 25 | AL86: 25 | AM86: 25 | AN86: 25 | AO86: 20 | AP86: 20 | AQ86: 30 | AR86: 30 | AS86: 25 | AT86: 25 | AU86: 25 | AV86: 25 | AY86: 3.98 | AZ86: C | BB86: =AW86 -> 0 | BC86: =IF(AW86>0,AW86,AY86) -> 3.98
A87: 30 | B87: 30 | C87: 10 | D87: 30 | E87: 30 | F87: 30 | G87: 20 | H87: 20 | I87: 40 | J87: 40 | K87: 10 | L87: 10 | M87: 30 | N87: 30 | O87: 20 | P87: 20 | Q87: 20 | R87: 20 | S87: 30 | T87: 30 | U87: 20 | V87: 20 | W87: 30 | X87: 30 | Y87: 20 | Z87: 20 | AA87: 30 | AB87: 30 | AC87: 20 | AD87: 20 | AE87: 30 | AF87: 30 | AG87: 20 | AH87: 20 | AI87: 30 | AJ87: 30 | AK87: 20 | AL87: 20 | AM87: 30 | AN87: 30 | AO87: 20 | AP87: 20 | AQ87: 30 | AR87: 30 | AS87: 20 | AT87: 20 | AU87: 30 | AV87: 30 | AW87: 4.16 | AX87: B | BB87: =AW87 -> 4.16 | BC87: =IF(AW87>0,AW87,AY87) -> 4.16
A88: 30 | B88: 30 | C88: 20 | D88: 20 | E88: 30 | F88: 30 | G88: 20 | H88: 20 | I88: 30 | J88: 30 | K88: 20 | L88: 20 | M88: 20 | N88: 20 | O88: 30 | P88: 30 | Q88: 20 | R88: 30 | S88: 30 | T88: 20 | U88: 30 | V88: 20 | W88: 20 | X88: 30 | Y88: 30 | Z88: 30 | AA88: 20 | AB88: 20 | AC88: 30 | AD88: 20 | AE88: 20 | AF88: 30 | AG88: 20 | AH88: 30 | AI88: 20 | AJ88: 30 | AK88: 30 | AL88: 20 | AM88: 20 | AN88: 30 | AO88: 30 | AP88: 20 | AQ88: 20 | AR88: 30 | AS88: 40 | AT88: 20 | AU88: 20 | AV88: 20 | AW88: 4.15 | AX88: B | AY88: 4.45 | AZ88: B | BB88: =AW88 -> 4.15 | BC88: =IF(AW88>0,AW88,AY88) -> 4.15
A89: 40 | B89: 20 | C89: 20 | D89: 20 | E89: 40 | F89: 20 | G89: 20 | H89: 20 | I89: 30 | J89: 30 | K89: 20 | L89: 20 | M89: 20 | N89: 20 | O89: 20 | P89: 40 | Q89: 30 | R89: 30 | S89: 20 | T89: 20 | U89: 20 | V89: 20 | W89: 20 | X89: 40 | Y89: 30 | Z89: 30 | AA89: 30 | AB89: 10 | AC89: 20 | AD89: 20 | AE89: 30 | AF89: 30 | AG89: 20 | AH89: 20 | AI89: 20 | AJ89: 40 | AK89: 40 | AL89: 40 | AM89: 10 | AN89: 10 | AO89: 20 | AP89: 20 | AQ89: 20 | AR89: 40 | AS89: 30 | AT89: 30 | AU89: 30 | AV89: 10 | AW89: 4.24 | AX89: B | BB89: =AW89 -> 4.24 | BC89: =IF(AW89>0,AW89,AY89) -> 4.24
A90: 40 | B90: 30 | C90: 15 | D90: 15 | E90: 25 | F90: 35 | G90: 15 | H90: 25 | I90: 30 | J90: 30 | K90: 30 | L90: 10 | M90: 20 | N90: 30 | O90: 20 | P90: 30 | Q90: 40 | R90: 20 | S90: 20 | T90: 20 | U90: 30 | V90: 20 | W90: 20 | X90: 30 | Y90: 20 | Z90: 30 | AA90: 20 | AB90: 30 | AC90: 20 | AD90: 30 | AE90: 20 | AF90: 30 | AG90: 20 | AH90: 30 | AI90: 20 | AJ90: 30 | AK90: 20 | AL90: 30 | AM90: 30 | AN90: 20 | AO90: 30 | AP90: 20 | AQ90: 20 | AR90: 30 | AS90: 30 | AT90: 20 | AU90: 20 | AV90: 30 | AW90: 3.98 | AX90: C | BB90: =AW90 -> 3.98 | BC90: =IF(AW90>0,AW90,AY90) -> 3.98
A91: 30 | B91: 20 | C91: 20 | D91: 30 | E91: 30 | F91: 30 | G91: 20 | H91: 20 | I91: 50 | J91: 30 | K91: 10 | L91: 10 | M91: 50 | N91: 30 | O91: 10 | P91: 10 | Q91: 70 | R91: 10 | S91: 10 | T91: 10 | U91: 70 | V91: 10 | W91: 10 | X91: 10 | Y91: 30 | Z91: 20 | AA91: 20 | AB91: 30 | AC91: 20 | AD91: 30 | AE91: 20 | AF91: 30 | AG91: 40 | AH91: 10 | AI91: 40 | AJ91: 10 | AK91: 70 | AL91: 10 | AM91: 10 | AN91: 10 | AO91: 25 | AP91: 25 | AQ91: 25 | AR91: 25 | AS91: 70 | AT91: 10 | AU91: 10 | AV91: 10 | AW91: 3.98 | AX91: C | AY91: 4.11 | AZ91: B | BB91: =AW91 -> 3.98 | BC91: =IF(AW91>0,AW91,AY91) -> 3.98
A92: 30 | B92: 30 | C92: 20 | D92: 20 | E92: 30 | F92: 30 | G92: 20 | H92: 20 | I92: 30 | J92: 30 | K92: 20 | L92: 20 | M92: 30 | N92: 30 | O92: 20 | P92: 20 | Q92: 30 | R92: 30 | S92: 20 | T92: 20 | U92: 30 | V92: 30 | W92: 20 | X92: 20 | Y92: 30 | Z92: 30 | AA92: 20 | AB92: 20 | AC92: 30 | AD92: 30 | AE92: 20 | AF92: 20 | AG92: 30 | AH92: 30 | AI92: 20 | AJ92: 20 | AK92: 20 | AL92: 20 | AM92: 30 | AN92: 30 | AO92: 20 | AP92: 20 | AQ92: 30 | AR92: 30 | AS92: 30 | AT92: 20 | AU92: 30 | AV92: 20 | AW92: 4.37 | AX92: B | AZ92: ebong | BB92: =AW92 -> 4.37 | BC92: =IF(AW92>0,AW92,AY92) -> 4.37
A93: 70 | B93: 10 | C93: 10 | D93: 10 | E93: 25 | F93: 25 | G93: 25 | H93: 25 | I93: 25 | J93: 25 | K93: 25 | L93: 25 | M93: 25 | N93: 25 | O93: 25 | P93: 25 | Q93: 25 | R93: 25 | S93: 25 | T93: 25 | U93: 25 | V93: 25 | W93: 25 | X93: 25 | Y93: 25 | Z93: 25 | AA93: 25 | AB93: 25 | AC93: 20 | AD93: 30 | AE93: 30 | AF93: 20 | AG93: 30 | AH93: 40 | AI93: 15 | AJ93: 15 | AK93: 25 | AL93: 25 | AM93: 25 | AN93: 25 | AO93: 40 | AP93: 30 | AQ93: 15 | AR93: 15 | AS93: 20 | AT93: 20 | AU93: 40 | AV93: 20 | AW93: 4.12 | AX93: B | BB93: =AW93 -> 4.12 | BC93: =IF(AW93>0,AW93,AY93) -> 4.12
A94: 30 | B94: 20 | C94: 20 | D94: 30 | E94: 30 | F94: 20 | G94: 20 | H94: 30 | I94: 30 | J94: 30 | K94: 20 | L94: 20 | M94: 30 | N94: 30 | O94: 20 | P94: 20 | Q94: 20 | R94: 20 | S94: 30 | T94: 30 | U94: 20 | V94: 20 | W94: 30 | X94: 30 | Y94: 20 | Z94: 20 | AA94: 30 | AB94: 30 | AC94: 20 | AD94: 20 | AE94: 30 | AF94: 30 | AG94: 30 | AH94: 20 | AI94: 30 | AJ94: 20 | AK94: 30 | AL94: 20 | AM94: 30 | AN94: 20 | AO94: 30 | AP94: 20 | AQ94: 20 | AR94: 30 | AS94: 30 | AT94: 20 | AU94: 20 | AV94: 30 | AW94: 4.85 | AX94: B | BB94: =AW94 -> 4.85 | BC94: =IF(AW94>0,AW94,AY94) -> 4.85
A95: 30 | B95: 10 | C95: 30 | D95: 30 | E95: 30 | F95: 10 | G95: 30 | H95: 30 | I95: 20 | J95: 30 | K95: 30 | L95: 20 | M95: 20 | N95: 20 | O95: 30 | P95: 30 | Q95: 20 | R95: 20 | S95: 30 | T95: 30 | U95: 20 | V95: 20 | W95: 30 | X95: 30 | Y95: 20 | Z95: 20 | AA95: 30 | AB95: 30 | AC95: 20 | AD95: 20 | AE95: 30 | AF95: 30 | AG95: 10 | AH95: 10 | AI95: 40 | AJ95: 40 | AK95: 10 | AL95: 10 | AM95: 40 | AN95: 40 | AO95: 20 | AP95: 20 | AQ95: 30 | AR95: 30 | AS95: 20 | AT95: 20 | AU95: 30 | AV95: 30 | AW95: 4.45 | AX95: B | BB95: =AW95 -> 4.45 | BC95: =IF(AW95>0,AW95,AY95) -> 4.45
A96: 30 | B96: 30 | C96: 20 | D96: 20 | E96: 30 | F96: 30 | G96: 20 | H96: 20 | I96: 20 | J96: 20 | K96: 30 | L96: 30 | M96: 20 | N96: 20 | O96: 30 | P96: 30 | Q96: 20 | R96: 30 | S96: 20 | T96: 30 | U96: 20 | V96: 30 | W96: 20 | X96: 30 | Y96: 30 | Z96: 30 | AA96: 20 | AB96: 20 | AC96: 30 | AD96: 30 | AE96: 20 | AF96: 20 | AG96: 30 | AH96: 30 | AI96: 20 | AJ96: 20 | AK96: 30 | AL96: 20 | AM96: 30 | AN96: 20 | AO96: 40 | AP96: 20 | AQ96: 20 | AR96: 20 | AS96: 30 | AT96: 30 | AU96: 20 | AV96: 20 | AW96: 4.35 | AX96: B | BB96: =AW96 -> 4.35 | BC96: =IF(AW96>0,AW96,AY96) -> 4.35
A97: 10 | B97: 20 | C97: 30 | D97: 40 | E97: 10 | F97: 10 | G97: 30 | H97: 50 | I97: 10 | J97: 20 | K97: 35 | L97: 35 | M97: 30 | N97: 30 | O97: 20 | P97: 20 | Q97: 40 | R97: 40 | S97: 10 | T97: 10 | U97: 30 | V97: 30 | W97: 30 | X97: 10 | Y97: 10 | Z97: 30 | AA97: 30 | AB97: 30 | AC97: 15 | AD97: 25 | AE97: 25 | AF97: 35 | AG97: 25 | AH97: 25 | AI97: 25 | AJ97: 25 | AK97: 25 | AL97: 35 | AM97: 25 | AN97: 15 | AO97: 15 | AP97: 15 | AQ97: 35 | AR97: 35 | AS97: 30 | AT97: 10 | AU97: 30 | AV97: 30 | AY97: 4.25 | AZ97: B | BB97: =AW97 -> 0 | BC97: =IF(AW97>0,AW97,AY97) -> 4.25
A98: 20 | B98: 20 | C98: 20 | D98: 40 | E98: 30 | F98: 20 | G98: 20 | H98: 30 | I98: 30 | J98: 30 | K98: 20 | L98: 20 | M98: 30 | N98: 30 | O98: 10 | P98: 30 | Q98: 20 | R98: 20 | S98: 30 | T98: 30 | U98: 30 | V98: 30 | W98: 30 | X98: 10 | Y98: 30 | Z98: 30 | AA98: 20 | AB98: 20 | AC98: 40 | AD98: 40 | AE98: 10 | AF98: 10 | AG98: 40 | AH98: 40 | AI98: 10 | AJ98: 10 | AK98: 30 | AL98: 20 | AM98: 20 | AN98: 30 | AO98: 30 | AP98: 20 | AQ98: 20 | AR98: 30 | AS98: 30 | AT98: 20 | AU98: 20 | AV98: 30 | AW98: 4.93 | AX98: B | AY98: Gabi | BB98: =AW98 -> 4.93 | BC98: =IF(AW98>0,AW98,AY98) -> 4.93
A99: 25 | B99: 25 | C99: 25 | D99: 25 | E99: 25 | F99: 25 | G99: 25 | H99: 25 | I99: 25 | J99: 25 | K99: 25 | L99: 25 | M99: 25 | N99: 25 | O99: 25 | P99: 25 | Q99: 25 | R99: 25 | S99: 25 | T99: 25 | U99: 25 | V99: 25 | W99: 25 | X99: 25 | Y99: 25 | Z99: 25 | AA99: 25 | AB99: 25 | AC99: 25 | AD99: 25 | AE99: 25 | AF99: 25 | AG99: 25 | AH99: 25 | AI99: 25 | AJ99: 25 | AK99: 25 | AL99: 25 | AM99: 25 | AN99: 25 | AO99: 25 | AP99: 25 | AQ99: 25 | AR99: 25 | AS99: 25 | AT99: 25 | AU99: 25 | AV99: 25 | AW99: 4.29 | AX99: B | AY99: 4.54 | AZ99: B | BB99: =AW99 -> 4.29 | BC99: =IF(AW99>0,AW99,AY99) -> 4.29
A100: 70 | B100: 10 | C100: 10 | D100: 10 | E100: 70 | F100: 10 | G100: 10 | H100: 10 | I100: 10 | J100: 10 | K100: 10 | L100: 70 | M100: 10 | N100: 20 | O100: 50 | P100: 20 | Q100: 20 | R100: 20 | S100: 30 | T100: 30 | U100: 55 | V100: 15 | W100: 15 | X100: 15 | Y100: 20 | Z100: 20 | AA100: 20 | AB100: 40 | AC100: 30 | AD100: 40 | AE100: 10 | AF100: 20 | AG100: 20 | AH100: 10 | AI100: 35 | AJ100: 35 | AK100: 20 | AL100: 20 | AM100: 30 | AN100: 30 | AO100: 40 | AP100: 20 | AQ100: 20 | AR100: 20 | AS100: 15 | AT100: 25 | AU100: 15 | AV100: 45 | AW100: 4.45 | AX100: B | BB100: =AW100 -> 4.45 | BC100: =IF(AW100>0,AW100,AY100) -> 4.45
...

Sheet Karakteristik yang Dominan
A1: Karakteristik yang Dominan (Prefered) | E1: Karakteristik yang Dominan (Now) | K1: Now | L1: Preferred
A2: Clan | B2: Adhocracy | C2: Market | D2: Hierarchy | E2: Clan | F2: Adhocracy | G2: Market | H2: Hierarchy | J2: Clan | K2: =AVERAGE(E3:E133) -> 29.045802 | L2: =AVERAGE(A3:A133) -> 32.251908
A3: 30 | B3: 20 | C3: 20 | D3: 30 | E3: 30 | F3: 30 | G3: 20 | H3: 20 | J3: Adhocracy | K3: =AVERAGE(F3:F133) -> 21.145038 | L3: =AVERAGE(B3:B133) -> 22.40458
A4: 40 | B4: 10 | C4: 20 | D4: 30 | E4: 40 | F4: 10 | G4: 30 | H4: 20 | J4: Market | K4: =AVERAGE(G3:G133) -> 24.198473 | L4: =AVERAGE(C3:C133) -> 21.221374
A5: 25 | B5: 25 | C5: 25 | D5: 25 | E5: 25 | F5: 25 | G5: 25 | H5: 25 | J5: Hierarchy | K5: =AVERAGE(H3:H133) -> 25.610687 | L5: =AVERAGE(D3:D133) -> 24.122137
A6: 30 | B6: 30 | C6: 20 | D6: 20 | E6: 20 | F6: 20 | G6: 30 | H6: 30
A7: 50 | B7: 20 | C7: 10 | D7: 20 | E7: 10 | F7: 30 | G7: 30 | H7: 30
A8: 40 | B8: 20 | C8: 20 | D8: 20 | E8: 40 | F8: 20 | G8: 20 | H8: 20
A9: 20 | B9: 20 | C9: 20 | D9: 40 | E9: 25 | F9: 25 | G9: 25 | H9: 25
A10: 25 | B10: 25 | C10: 25 | D10: 25 | E10: 25 | F10: 25 | G10: 25 | H10: 25
A11: 25 | B11: 25 | C11: 25 | D11: 25 | E11: 25 | F11: 25 | G11: 25 | H11: 25
A12: 30 | B12: 30 | C12: 10 | D12: 30 | E12: 30 | F12: 40 | G12: 10 | H12: 20
A13: 40 | B13: 30 | C13: 20 | D13: 10 | E13: 40 | F13: 30 | G13: 20 | H13: 10
A14: 25 | B14: 25 | C14: 25 | D14: 25 | E14: 25 | F14: 25 | G14: 25 | H14: 25
A15: 25 | B15: 25 | C15: 25 | D15: 25 | E15: 25 | F15: 25 | G15: 25 | H15: 25
A16: 30 | B16: 30 | C16: 20 | D16: 20 | E16: 20 | F16: 40 | G16: 20 | H16: 20
A17: 30 | B17: 30 | C17: 20 | D17: 20 | E17: 30 | F17: 30 | G17: 20 | H17: 20
... A133: 10 | B133: 10 | C133: 40 | D133: 40 | E133: 20 | F133: 20 | G133: 40 | H133: 20

Sheet Kepemimpinan dalam Rumah Sakit
A1: Kepemimpinan dalam Rumah Sakit (Prefered) | E1: Kepemimpinan dalam Rumah Sakit (Now) | K1: Now | L1: Preferred
A2: Clan | B2: Adhocracy | C2: Market | D2: Hierarchy | E2: Clan | F2: Adhocracy | G2: Market | H2: Hierarchy | J2: Clan | K2: =AVERAGE(E3:E133) -> 26.450382 | L2: =AVERAGE(A3:A133) -> 29.656489
A3: 30 | B3: 30 | C3: 20 | D3: 20 | E3: 30 | F3: 30 | G3: 20 | H3: 20 | J3: Adhocracy | K3: =AVERAGE(F3:F133) -> 22.824427 | L3: =AVERAGE(B3:B133) -> 23.931298
A4: 30 | B4: 30 | C4: 20 | D4: 20 | E4: 30 | F4: 30 | G4: 20 | H4: 20 | J4: Market | K4: =AVERAGE(G3:G133) -> 24.083969 | L4: =AVERAGE(C3:C133) -> 21.145038
A5: 25 | B5: 25 | C5: 25 | D5: 25 | E5: 25 | F5: 25 | G5: 25 | H5: 25 | J5: Hierarchy | K5: =AVERAGE(H3:H133) -> 26.641221 | L5: =AVERAGE(D3:D133) -> 25.267176
A6: 10 | B6: 40 | C6: 25 | D6: 25 | E6: 20 | F6: 30 | G6: 20 | H6: 30
A7: 40 | B7: 20 | C7: 20 | D7: 20 | E7: 30 | F7: 30 | G7: 20 | H7: 20
A8: 30 | B8: 30 | C8: 20 | D8: 20 | E8: 20 | F8: 30 | G8: 20 | H8: 30
A9: 25 | B9: 25 | C9: 25 | D9: 25 | E9: 25 | F9: 25 | G9: 25 | H9: 25
A10: 25 | B10: 25 | C10: 25 | D10: 25 | E10: 25 | F10: 25 | G10: 25 | H10: 25
A11: 25 | B11: 25 | C11: 25 | D11: 25 | E11: 25 | F11: 25 | G11: 25 | H11: 25
A12: 20 | B12: 20 | C12: 30 | D12: 30 | E12: 20 | F12: 20 | G12: 30 | H12: 30
A13: 30 | B13: 30 | C13: 20 | D13: 20 | E13: 20 | F13: 20 | G13: 30 | H13: 30
A14: 25 | B14: 25 | C14: 25 | D14: 25 | E14: 25 | F14: 25 | G14: 25 | H14: 25
A15: 25 | B15: 25 | C15: 25 | D15: 25 | E15: 25 | F15: 25 | G15: 25 | H15: 25
A16: 30 | B16: 20 | C16: 20 | D16: 30 | E16: 30 | F16: 20 | G16: 20 | H16: 30
A17: 20 | B17: 30 | C17: 20 | D17: 30 | E17: 20 | F17: 30 | G17: 20 | H17: 30
... A133: 40 | B133: 20 | C133: 20 | D133: 20 | E133: 20 | F133: 20 | G133: 30 | H133: 30

Sheet Pengelolaan Pegawai
A1: Pengelolaan Pegawai (Prefered) | E1: Pengelolaan Pegawai (Now) | K1: Now | L1: Preferred
A2: Clan | B2: Adhocracy | C2: Market | D2: Hierarchy | E2: Clan | F2: Adhocracy | G2: Market | H2: Hierarchy | J2: Clan | K2: =AVERAGE(E3:E133) -> 26.374046 | L2: =AVERAGE(A3:A133) -> 24.236641
A3: 20 | B3: 20 | C3: 30 | D3: 30 | E3: 20 | F3: 20 | G3: 30 | H3: 30 | J3: Adhocracy | K3: =AVERAGE(F3:F133) -> 23.129771 | L3: =AVERAGE(B3:B133) -> 23.167939
A4: 20 | B4: 20 | C4: 30 | D4: 30 | E4: 20 | F4: 20 | G4: 30 | H4: 30 | J4: Market | K4: =AVERAGE(G3:G133) -> 23.664122 | L4: =AVERAGE(C3:C133) -> 24.045802
A5: 25 | B5: 25 | C5: 25 | D5: 25 | E5: 25 | F5: 25 | G5: 25 | H5: 25 | J5: Hierarchy | K5: =AVERAGE(H3:H133) -> 26.832061 | L5: =AVERAGE(D3:D133) -> 28.549618
A6: 20 | B6: 30 | C6: 30 | D6: 20 | E6: 20 | F6: 30 | G6: 30 | H6: 20
A7: 15 | B7: 15 | C7: 25 | D7: 45 | E7: 20 | F7: 20 | G7: 20 | H7: 40
A8: 30 | B8: 30 | C8: 20 | D8: 20 | E8: 30 | F8: 20 | G8: 30 | H8: 20
A9: 25 | B9: 25 | C9: 25 | D9: 25 | E9: 25 | F9: 25 | G9: 25 | H9: 25
A10: 25 | B10: 25 | C10: 25 | D10: 25 | E10: 25 | F10: 25 | G10: 25 | H10: 25
A11: 25 | B11: 25 | C11: 25 | D11: 25 | E11: 25 | F11: 25 | G11: 25 | H11: 25
A12: 20 | B12: 40 | C12: 10 | D12: 30 | E12: 20 | F12: 40 | G12: 10 | H12: 30
A13: 10 | B13: 20 | C13: 30 | D13: 40 | E13: 20 | F13: 20 | G13: 40 | H13: 20
A14: 25 | B14: 25 | C14: 25 | D14: 25 | E14: 25 | F14: 25 | G14: 25 | H14: 25
A15: 25 | B15: 25 | C15: 25 | D15: 25 | E15: 25 | F15: 25 | G15: 25 | H15: 25
A16: 20 | B16: 30 | C16: 20 | D16: 30 | E16: 20 | F16: 30 | G16: 20 | H16: 30
A17: 30 | B17: 30 | C17: 20 | D17: 20 | E17: 20 | F17: 30 | G17: 20 | H17: 30
... A133: 20 | B133: 20 | C133: 20 | D133: 40 | E133: 20 | F133: 20 | G133: 30 | H133: 30

Sheet Perekat Rumah Sakit
A1: Perekat Rumah Sakit (Prefered) | E1: Perekat Rumah Sakit (Now) | K1: Now | L1: Preferred
A2: Clan | B2: Adhocracy | C2: Market | D2: Hierarchy | E2: Clan | F2: Adhocracy | G2: Market | H2: Hierarchy | J2: Clan | K2: =AVERAGE(E3:E133) -> 28.167939 | L2: =AVERAGE(A3:A133) -> 30.381679
A3: 30 | B3: 30 | C3: 20 | D3: 20 | E3: 20 | F3: 20 | G3: 30 | H3: 30 | J3: Adhocracy | K3: =AVERAGE(F3:F133) -> 24.503817 | L3: =AVERAGE(B3:B133) -> 25.610687
A4: 30 | B4: 30 | C4: 20 | D4: 20 | E4: 30 | F4: 30 | G4: 20 | H4: 20 | J4: Market | K4: =AVERAGE(G3:G133) -> 22.480916 | L4: =AVERAGE(C3:C133) -> 20.343511
A5: 25 | B5: 25 | C5: 25 | D5: 25 | E5: 25 | F5: 25 | G5: 25 | H5: 25 | J5: Hierarchy | K5: =AVERAGE(H3:H133) -> 24.847328 | L5: =AVERAGE(D3:D133) -> 23.664122
A6: 30 | B6: 30 | C6: 20 | D6: 20 | E6: 30 | F6: 20 | G6: 30 | H6: 20
A7: 20 | B7: 20 | C7: 20 | D7: 40 | E7: 20 | F7: 20 | G7: 20 | H7: 40
A8: 30 | B8: 30 | C8: 20 | D8: 20 | E8: 30 | F8: 20 | G8: 30 | H8: 20
A9: 25 | B9: 25 | C9: 25 | D9: 25 | E9: 25 | F9: 25 | G9: 25 | H9: 25
A10: 25 | B10: 25 | C10: 25 | D10: 25 | E10: 25 | F10: 25 | G10: 25 | H10: 25
A11: 25 | B11: 25 | C11: 25 | D11: 25 | E11: 25 | F11: 25 | G11: 25 | H11: 25
A12: 40 | B12: 20 | C12: 10 | D12: 30 | E12: 40 | F12: 20 | G12: 10 | H12: 30
A13: 40 | B13: 40 | C13: 10 | D13: 10 | E13: 10 | F13: 20 | G13: 30 | H13: 40
A14: 25 | B14: 25 | C14: 25 | D14: 25 | E14: 25 | F14: 25 | G14: 25 | H14: 25
A15: 25 | B15: 25 | C15: 25 | D15: 25 | E15: 25 | F15: 25 | G15: 25 | H15: 25
A16: 20 | B16: 30 | C16: 20 | D16: 30 | E16: 20 | F16: 30 | G16: 20 | H16: 30
A17: 30 | B17: 30 | C17: 20 | D17: 20 | E17: 20 | F17: 30 | G17: 20 | H17: 30
... A133: 20 | B133: 20 | C133: 20 | D133: 40 | E133: 30 | F133: 30 | G133: 20 | H133: 20

Sheet Strategi yang Ditekankan
A1: Strategi yang Ditekankan (Prefered) | E1: Strategi yang Ditekankan (Now) | K1: Now | L1: Preferred
A2: Clan | B2: Adhocracy | C2: Market | D2: Hierarchy | E2: Clan | F2: Adhocracy | G2: Market | H2: Hierarchy | J2: Clan | K2: =AVERAGE(E3:E133) -> 25.763359 | L2: =AVERAGE(A3:A133) -> 27.938931
A3: 20 | B3: 20 | C3: 30 | D3: 30 | E3: 20 | F3: 20 | G3: 30 | H3: 30 | J3: Adhocracy | K3: =AVERAGE(F3:F133) -> 25.114504 | L3: =AVERAGE(B3:B133) -> 26.068702
A4: 30 | B4: 30 | C4: 20 | D4: 20 | E4: 30 | F4: 30 | G4: 20 | H4: 20 | J4: Market | K4: =AVERAGE(G3:G133) -> 24.961832 | L4: =AVERAGE(C3:C133) -> 22.709924
A5: 25 | B5: 25 | C5: 25 | D5: 25 | E5: 25 | F5: 25 | G5: 25 | H5: 25 | J5: Hierarchy | K5: =AVERAGE(H3:H133) -> 24.160305 | L5: =AVERAGE(D3:D133) -> 23.282443
A6: 20 | B6: 30 | C6: 20 | D6: 30 | E6: 30 | F6: 30 | G6: 20 | H6: 20
A7: 40 | B7: 20 | C7: 20 | D7: 20 | E7: 40 | F7: 20 | G7: 20 | H7: 20
A8: 30 | B8: 20 | C8: 20 | D8: 30 | E8: 30 | F8: 20 | G8: 30 | H8: 20
A9: 25 | B9: 25 | C9: 25 | D9: 25 | E9: 25 | F9: 25 | G9: 25 | H9: 25
A10: 25 | B10: 25 | C10: 25 | D10: 25 | E10: 25 | F10: 25 | G10: 25 | H10: 25
A11: 25 | B11: 25 | C11: 25 | D11: 25 | E11: 25 | F11: 25 | G11: 25 | H11: 25
A12: 30 | B12: 30 | C12: 10 | D12: 30 | E12: 30 | F12: 30 | G12: 10 | H12: 30
A13: 40 | B13: 20 | C13: 30 | D13: 10 | E13: 20 | F13: 30 | G13: 30 | H13: 20
A14: 25 | B14: 25 | C14: 25 | D14: 25 | E14: 25 | F14: 25 | G14: 25 | H14: 25
A15: 25 | B15: 25 | C15: 25 | D15: 25 | E15: 25 | F15: 25 | G15: 25 | H15: 25
A16: 20 | B16: 30 | C16: 30 | D16: 20 | E16: 20 | F16: 30 | G16: 30 | H16: 20
A17: 30 | B17: 30 | C17: 20 | D17: 20 | E17: 20 | F17: 30 | G17: 20 | H17: 30
... A133: 20 | B133: 20 | C133: 20 | D133: 40 | E133: 40 | F133: 20 | G133: 20 | H133: 20

Sheet Kriteria dari Kesuksesan
A1: Kriteria dari Kesuksesan (Prefered) | E1: Kriteria dari Kesuksesan (Now) | K1: Now | L1: Preferred
A2: Clan | B2: Adhocracy | C2: Market | D2: Hierarchy | E2: Clan | F2: Adhocracy | G2: Market | H2: Hierarchy | J2: Clan | K2: =AVERAGE(E3:E133) -> 31.259542 | L2: =AVERAGE(A3:A133) -> 33.549618
A3: 20 | B3: 20 | C3: 30 | D3: 30 | E3: 20 | F3: 20 | G3: 30 | H3: 30 | J3: Adhocracy | K3: =AVERAGE(F3:F133) -> 22.137405 | L3: =AVERAGE(B3:B133) -> 21.679389
A4: 30 | B4: 30 | C4: 20 | D4: 20 | E4: 30 | F4: 30 | G4: 20 | H4: 20 | J4: Market | K4: =AVERAGE(G3:G133) -> 23.091603 | L4: =AVERAGE(C3:C133) -> 21.984733
A5: 25 | B5: 25 | C5: 25 | D5: 25 | E5: 25 | F5: 25 | G5: 25 | H5: 25 | J5: Hierarchy | K5: =AVERAGE(H3:H133) -> 23.51145 | L5: =AVERAGE(D3:D133) -> 22.78626
A6: 30 | B6: 20 | C6: 30 | D6: 20 | E6: 30 | F6: 20 | G6: 30 | H6: 20
A7: 40 | B7: 20 | C7: 20 | D7: 20 | E7: 40 | F7: 20 | G7: 20 | H7: 20
A8: 30 | B8: 30 | C8: 20 | D8: 20 | E8: 20 | F8: 30 | G8: 30 | H8: 20
A9: 25 | B9: 25 | C9: 25 | D9: 25 | E9: 25 | F9: 25 | G9: 25 | H9: 25
A10: 25 | B10: 25 | C10: 25 | D10: 25 | E10: 25 | F10: 25 | G10: 25 | H10: 25
A11: 25 | B11: 25 | C11: 25 | D11: 25 | E11: 25 | F11: 25 | G11: 25 | H11: 25
A12: 20 | B12: 20 | C12: 30 | D12: 30 | E12: 30 | F12: 30 | G12: 20 | H12: 20
A13: 30 | B13: 20 | C13: 30 | D13: 20 | E13: 35 | F13: 35 | G13: 10 | H13: 20
A14: 25 | B14: 25 | C14: 25 | D14: 25 | E14: 25 | F14: 25 | G14: 25 | H14: 25
A15: 25 | B15: 25 | C15: 25 | D15: 25 | E15: 25 | F15: 25 | G15: 25 | H15: 25
A16: 30 | B16: 20 | C16: 20 | D16: 30 | E16: 30 | F16: 20 | G16: 20 | H16: 30
A17: 30 | B17: 30 | C17: 20 | D17: 20 | E17: 30 | F17: 30 | G17: 20 | H17: 20
... A133: 40 | B133: 20 | C133: 20 | D133: 20 | E133: 30 | F133: 30 | G133: 20 | H133: 20
